patient_id,filename,split,dataset_source,ground_truth_class,t_score,z_score,bmd_mg_cm3,fracture_history,age,gender
N1,clinical_normal_N1.JPEG,normal,Clinical_Knee_Cohort,normal,-0.5,-0.09999999999999998,1.15,0,64,F
N10,clinical_normal_N10.JPEG,normal,Clinical_Knee_Cohort,normal,-0.5,-0.09999999999999998,1.15,0,79,M
N11,clinical_normal_N11.JPEG,normal,Clinical_Knee_Cohort,normal,-0.5,-0.09999999999999998,1.15,0,75,F
N12,clinical_normal_N12.JPEG,normal,Clinical_Knee_Cohort,normal,-0.5,-0.09999999999999998,1.15,0,73,F
N13,clinical_normal_N13.jpg,normal,Clinical_Knee_Cohort,normal,-0.5,-0.09999999999999998,1.15,0,71,M
N14,clinical_normal_N14.jpg,normal,Clinical_Knee_Cohort,normal,-0.5,-0.09999999999999998,1.15,0,75,M
N15,clinical_normal_N15.jpg,normal,Clinical_Knee_Cohort,normal,-0.5,-0.09999999999999998,1.15,0,81,M
N16,clinical_normal_N16.jpg,normal,Clinical_Knee_Cohort,normal,-0.5,-0.09999999999999998,1.15,0,67,F
N17,clinical_normal_N17.jpg,normal,Clinical_Knee_Cohort,normal,-0.5,-0.09999999999999998,1.15,0,78,F
N18,clinical_normal_N18.jpg,normal,Clinical_Knee_Cohort,normal,-0.5,-0.09999999999999998,1.15,0,47,F
N19,clinical_normal_N19.jpg,normal,Clinical_Knee_Cohort,normal,-0.5,-0.09999999999999998,1.15,0,70,M
N2,clinical_normal_N2.JPEG,normal,Clinical_Knee_Cohort,normal,-0.5,-0.09999999999999998,1.15,0,71,M
N20,clinical_normal_N20.jpg,normal,Clinical_Knee_Cohort,normal,-0.5,-0.09999999999999998,1.15,0,61,F
N21,clinical_normal_N21.jpg,normal,Clinical_Knee_Cohort,normal,-0.5,-0.09999999999999998,1.15,0,71,M
N22,clinical_normal_N22.jpg,normal,Clinical_Knee_Cohort,normal,-0.5,-0.09999999999999998,1.15,0,66,M
N23,clinical_normal_N23.jpg,normal,Clinical_Knee_Cohort,normal,-0.5,-0.09999999999999998,1.15,0,67,F
N24,clinical_normal_N24.jpg,normal,Clinical_Knee_Cohort,normal,-0.5,-0.09999999999999998,1.15,0,52,F
N25,clinical_normal_N25.jpg,normal,Clinical_Knee_Cohort,normal,-0.5,-0.09999999999999998,1.15,0,52,M
N26,clinical_normal_N26.jpg,normal,Clinical_Knee_Cohort,normal,-0.5,-0.09999999999999998,1.15,0,45,F
N27,clinical_normal_N27.jpg,normal,Clinical_Knee_Cohort,normal,-0.5,-0.09999999999999998,1.15,0,59,F
N28,clinical_normal_N28.jpg,normal,Clinical_Knee_Cohort,normal,-0.5,-0.09999999999999998,1.15,0,62,F
N29,clinical_normal_N29.jpg,normal,Clinical_Knee_Cohort,normal,-0.5,-0.09999999999999998,1.15,0,66,M
N3,clinical_normal_N3.JPEG,normal,Clinical_Knee_Cohort,normal,-0.5,-0.09999999999999998,1.15,0,49,M
N30,clinical_normal_N30.jpg,normal,Clinical_Knee_Cohort,normal,-0.5,-0.09999999999999998,1.15,0,77,M
N31,clinical_normal_N31.jpg,normal,Clinical_Knee_Cohort,normal,-0.5,-0.09999999999999998,1.15,0,81,M
N32,clinical_normal_N32.jpg,normal,Clinical_Knee_Cohort,normal,-0.5,-0.09999999999999998,1.15,0,77,M
N33,clinical_normal_N33.jpg,normal,Clinical_Knee_Cohort,normal,-0.5,-0.09999999999999998,1.15,0,55,F
N34,clinical_normal_N34.jpg,normal,Clinical_Knee_Cohort,normal,-0.5,-0.09999999999999998,1.15,0,66,F
N35,clinical_normal_N35.jpg,normal,Clinical_Knee_Cohort,normal,-0.5,-0.09999999999999998,1.15,0,66,F
N36,clinical_normal_N36.jpg,normal,Clinical_Knee_Cohort,normal,-0.5,-0.09999999999999998,1.15,0,82,F
N4,clinical_normal_N4.JPEG,normal,Clinical_Knee_Cohort,normal,-0.5,-0.09999999999999998,1.15,0,69,F
N5,clinical_normal_N5.JPEG,normal,Clinical_Knee_Cohort,normal,-0.5,-0.09999999999999998,1.15,0,71,F
N6,clinical_normal_N6.JPEG,normal,Clinical_Knee_Cohort,normal,-0.5,-0.09999999999999998,1.15,0,82,M
N7,clinical_normal_N7.JPEG,normal,Clinical_Knee_Cohort,normal,-0.5,-0.09999999999999998,1.15,0,55,M
N8,clinical_normal_N8.JPEG,normal,Clinical_Knee_Cohort,normal,-0.5,-0.09999999999999998,1.15,0,82,M
N9,clinical_normal_N9.JPEG,normal,Clinical_Knee_Cohort,normal,-0.5,-0.09999999999999998,1.15,0,52,M
OP1,clinical_osteopenia_OP1.JPEG,osteopenia,Clinical_Knee_Cohort,osteopenia,-1.8,-1.4,0.88,0,62,F
OP10,clinical_osteopenia_OP10.JPEG,osteopenia,Clinical_Knee_Cohort,osteopenia,-1.8,-1.4,0.88,0,52,M
OP100,clinical_osteopenia_OP100.jpg,osteopenia,Clinical_Knee_Cohort,osteopenia,-1.8,-1.4,0.88,0,53,M
OP101,clinical_osteopenia_OP101.jpg,osteopenia,Clinical_Knee_Cohort,osteopenia,-1.8,-1.4,0.88,0,69,F
OP102,clinical_osteopenia_OP102.jpg,osteopenia,Clinical_Knee_Cohort,osteopenia,-1.8,-1.4,0.88,0,50,M
OP103,clinical_osteopenia_OP103.jpg,osteopenia,Clinical_Knee_Cohort,osteopenia,-1.8,-1.4,0.88,0,81,F
OP104,clinical_osteopenia_OP104.jpg,osteopenia,Clinical_Knee_Cohort,osteopenia,-1.8,-1.4,0.88,0,69,F
OP105,clinical_osteopenia_OP105.jpg,osteopenia,Clinical_Knee_Cohort,osteopenia,-1.8,-1.4,0.88,0,69,M
OP106,clinical_osteopenia_OP106.jpg,osteopenia,Clinical_Knee_Cohort,osteopenia,-1.8,-1.4,0.88,0,52,F
OP107,clinical_osteopenia_OP107.jpg,osteopenia,Clinical_Knee_Cohort,osteopenia,-1.8,-1.4,0.88,0,71,M
OP108,clinical_osteopenia_OP108.jpg,osteopenia,Clinical_Knee_Cohort,osteopenia,-1.8,-1.4,0.88,0,72,M
OP109,clinical_osteopenia_OP109.jpg,osteopenia,Clinical_Knee_Cohort,osteopenia,-1.8,-1.4,0.88,0,72,M
OP11,clinical_osteopenia_OP11.JPEG,osteopenia,Clinical_Knee_Cohort,osteopenia,-1.8,-1.4,0.88,0,80,F
OP110,clinical_osteopenia_OP110.jpg,osteopenia,Clinical_Knee_Cohort,osteopenia,-1.8,-1.4,0.88,0,56,M
OP111,clinical_osteopenia_OP111.jpg,osteopenia,Clinical_Knee_Cohort,osteopenia,-1.8,-1.4,0.88,0,64,M
OP112,clinical_osteopenia_OP112.jpg,osteopenia,Clinical_Knee_Cohort,osteopenia,-1.8,-1.4,0.88,0,57,M
OP113,clinical_osteopenia_OP113.jpg,osteopenia,Clinical_Knee_Cohort,osteopenia,-1.8,-1.4,0.88,0,53,F
OP114,clinical_osteopenia_OP114.jpg,osteopenia,Clinical_Knee_Cohort,osteopenia,-1.8,-1.4,0.88,0,66,F
OP115,clinical_osteopenia_OP115.jpg,osteopenia,Clinical_Knee_Cohort,osteopenia,-1.8,-1.4,0.88,0,82,F
OP116,clinical_osteopenia_OP116.jpg,osteopenia,Clinical_Knee_Cohort,osteopenia,-1.8,-1.4,0.88,0,81,F
OP117,clinical_osteopenia_OP117.jpg,osteopenia,Clinical_Knee_Cohort,osteopenia,-1.8,-1.4,0.88,0,79,F
OP118,clinical_osteopenia_OP118.jpg,osteopenia,Clinical_Knee_Cohort,osteopenia,-1.8,-1.4,0.88,0,58,F
OP119,clinical_osteopenia_OP119.jpg,osteopenia,Clinical_Knee_Cohort,osteopenia,-1.8,-1.4,0.88,0,60,F
OP12,clinical_osteopenia_OP12.JPEG,osteopenia,Clinical_Knee_Cohort,osteopenia,-1.8,-1.4,0.88,0,47,M
OP120,clinical_osteopenia_OP120.jpg,osteopenia,Clinical_Knee_Cohort,osteopenia,-1.8,-1.4,0.88,0,77,M
OP121,clinical_osteopenia_OP121.jpg,osteopenia,Clinical_Knee_Cohort,osteopenia,-1.8,-1.4,0.88,0,79,M
OP122,clinical_osteopenia_OP122.jpg,osteopenia,Clinical_Knee_Cohort,osteopenia,-1.8,-1.4,0.88,0,52,M
OP123,clinical_osteopenia_OP123.jpg,osteopenia,Clinical_Knee_Cohort,osteopenia,-1.8,-1.4,0.88,0,69,F
OP124,clinical_osteopenia_OP124.jpg,osteopenia,Clinical_Knee_Cohort,osteopenia,-1.8,-1.4,0.88,0,51,M
OP125,clinical_osteopenia_OP125.jpg,osteopenia,Clinical_Knee_Cohort,osteopenia,-1.8,-1.4,0.88,0,77,M
OP126,clinical_osteopenia_OP126.jpg,osteopenia,Clinical_Knee_Cohort,osteopenia,-1.8,-1.4,0.88,0,59,F
OP127,clinical_osteopenia_OP127.jpg,osteopenia,Clinical_Knee_Cohort,osteopenia,-1.8,-1.4,0.88,0,79,M
OP128,clinical_osteopenia_OP128.jpg,osteopenia,Clinical_Knee_Cohort,osteopenia,-1.8,-1.4,0.88,0,57,M
OP129,clinical_osteopenia_OP129.jpg,osteopenia,Clinical_Knee_Cohort,osteopenia,-1.8,-1.4,0.88,0,62,F
OP13,clinical_osteopenia_OP13.JPEG,osteopenia,Clinical_Knee_Cohort,osteopenia,-1.8,-1.4,0.88,0,75,M
OP130,clinical_osteopenia_OP130.jpg,osteopenia,Clinical_Knee_Cohort,osteopenia,-1.8,-1.4,0.88,0,50,M
OP131,clinical_osteopenia_OP131.jpg,osteopenia,Clinical_Knee_Cohort,osteopenia,-1.8,-1.4,0.88,0,50,F
OP132,clinical_osteopenia_OP132.jpg,osteopenia,Clinical_Knee_Cohort,osteopenia,-1.8,-1.4,0.88,0,54,M
OP133,clinical_osteopenia_OP133.jpg,osteopenia,Clinical_Knee_Cohort,osteopenia,-1.8,-1.4,0.88,0,70,F
OP134,clinical_osteopenia_OP134.jpg,osteopenia,Clinical_Knee_Cohort,osteopenia,-1.8,-1.4,0.88,0,51,M
OP135,clinical_osteopenia_OP135.jpg,osteopenia,Clinical_Knee_Cohort,osteopenia,-1.8,-1.4,0.88,0,47,M
OP136,clinical_osteopenia_OP136.jpg,osteopenia,Clinical_Knee_Cohort,osteopenia,-1.8,-1.4,0.88,0,53,M
OP137,clinical_osteopenia_OP137.jpg,osteopenia,Clinical_Knee_Cohort,osteopenia,-1.8,-1.4,0.88,0,81,F
OP138,clinical_osteopenia_OP138.jpg,osteopenia,Clinical_Knee_Cohort,osteopenia,-1.8,-1.4,0.88,0,67,F
OP139,clinical_osteopenia_OP139.jpg,osteopenia,Clinical_Knee_Cohort,osteopenia,-1.8,-1.4,0.88,0,51,M
OP14,clinical_osteopenia_OP14.JPEG,osteopenia,Clinical_Knee_Cohort,osteopenia,-1.8,-1.4,0.88,0,60,F
OP140,clinical_osteopenia_OP140.jpg,osteopenia,Clinical_Knee_Cohort,osteopenia,-1.8,-1.4,0.88,0,51,M
OP141,clinical_osteopenia_OP141.jpg,osteopenia,Clinical_Knee_Cohort,osteopenia,-1.8,-1.4,0.88,0,61,F
OP142,clinical_osteopenia_OP142.jpg,osteopenia,Clinical_Knee_Cohort,osteopenia,-1.8,-1.4,0.88,0,48,M
OP143,clinical_osteopenia_OP143.jpg,osteopenia,Clinical_Knee_Cohort,osteopenia,-1.8,-1.4,0.88,0,80,F
OP144,clinical_osteopenia_OP144.jpg,osteopenia,Clinical_Knee_Cohort,osteopenia,-1.8,-1.4,0.88,0,53,F
OP145,clinical_osteopenia_OP145.jpg,osteopenia,Clinical_Knee_Cohort,osteopenia,-1.8,-1.4,0.88,0,59,F
OP146,clinical_osteopenia_OP146.jpg,osteopenia,Clinical_Knee_Cohort,osteopenia,-1.8,-1.4,0.88,0,75,F
OP147,clinical_osteopenia_OP147.jpg,osteopenia,Clinical_Knee_Cohort,osteopenia,-1.8,-1.4,0.88,0,64,M
OP148,clinical_osteopenia_OP148.jpg,osteopenia,Clinical_Knee_Cohort,osteopenia,-1.8,-1.4,0.88,0,80,M
OP149,clinical_osteopenia_OP149.jpg,osteopenia,Clinical_Knee_Cohort,osteopenia,-1.8,-1.4,0.88,0,81,F
OP15,clinical_osteopenia_OP15.JPEG,osteopenia,Clinical_Knee_Cohort,osteopenia,-1.8,-1.4,0.88,0,55,F
OP150,clinical_osteopenia_OP150.jpg,osteopenia,Clinical_Knee_Cohort,osteopenia,-1.8,-1.4,0.88,0,54,F
OP151,clinical_osteopenia_OP151.jpg,osteopenia,Clinical_Knee_Cohort,osteopenia,-1.8,-1.4,0.88,0,68,M
OP152,clinical_osteopenia_OP152.jpg,osteopenia,Clinical_Knee_Cohort,osteopenia,-1.8,-1.4,0.88,0,81,F
OP153,clinical_osteopenia_OP153.jpg,osteopenia,Clinical_Knee_Cohort,osteopenia,-1.8,-1.4,0.88,0,50,F
OP154,clinical_osteopenia_OP154.jpg,osteopenia,Clinical_Knee_Cohort,osteopenia,-1.8,-1.4,0.88,0,62,M
OP16,clinical_osteopenia_OP16.JPEG,osteopenia,Clinical_Knee_Cohort,osteopenia,-1.8,-1.4,0.88,0,66,M
OP17,clinical_osteopenia_OP17.JPEG,osteopenia,Clinical_Knee_Cohort,osteopenia,-1.8,-1.4,0.88,0,60,M
OP18,clinical_osteopenia_OP18.JPEG,osteopenia,Clinical_Knee_Cohort,osteopenia,-1.8,-1.4,0.88,0,61,F
OP19,clinical_osteopenia_OP19.JPEG,osteopenia,Clinical_Knee_Cohort,osteopenia,-1.8,-1.4,0.88,0,80,M
OP2,clinical_osteopenia_OP2.JPEG,osteopenia,Clinical_Knee_Cohort,osteopenia,-1.8,-1.4,0.88,0,79,M
OP20,clinical_osteopenia_OP20.JPEG,osteopenia,Clinical_Knee_Cohort,osteopenia,-1.8,-1.4,0.88,0,56,M
OP21,clinical_osteopenia_OP21.JPEG,osteopenia,Clinical_Knee_Cohort,osteopenia,-1.8,-1.4,0.88,0,45,M
OP22,clinical_osteopenia_OP22.JPEG,osteopenia,Clinical_Knee_Cohort,osteopenia,-1.8,-1.4,0.88,0,59,F
OP23,clinical_osteopenia_OP23.JPEG,osteopenia,Clinical_Knee_Cohort,osteopenia,-1.8,-1.4,0.88,0,72,M
OP24,clinical_osteopenia_OP24.JPEG,osteopenia,Clinical_Knee_Cohort,osteopenia,-1.8,-1.4,0.88,0,80,F
OP25,clinical_osteopenia_OP25.JPEG,osteopenia,Clinical_Knee_Cohort,osteopenia,-1.8,-1.4,0.88,0,46,M
OP26,clinical_osteopenia_OP26.JPEG,osteopenia,Clinical_Knee_Cohort,osteopenia,-1.8,-1.4,0.88,0,78,F
OP27,clinical_osteopenia_OP27.JPEG,osteopenia,Clinical_Knee_Cohort,osteopenia,-1.8,-1.4,0.88,0,48,M
OP28,clinical_osteopenia_OP28.JPEG,osteopenia,Clinical_Knee_Cohort,osteopenia,-1.8,-1.4,0.88,0,78,F
OP29,clinical_osteopenia_OP29.JPEG,osteopenia,Clinical_Knee_Cohort,osteopenia,-1.8,-1.4,0.88,0,60,M
OP3,clinical_osteopenia_OP3.JPEG,osteopenia,Clinical_Knee_Cohort,osteopenia,-1.8,-1.4,0.88,0,47,F
OP30,clinical_osteopenia_OP30.JPEG,osteopenia,Clinical_Knee_Cohort,osteopenia,-1.8,-1.4,0.88,0,66,M
OP31,clinical_osteopenia_OP31.JPEG,osteopenia,Clinical_Knee_Cohort,osteopenia,-1.8,-1.4,0.88,0,70,M
OP32,clinical_osteopenia_OP32.JPEG,osteopenia,Clinical_Knee_Cohort,osteopenia,-1.8,-1.4,0.88,0,69,F
OP33,clinical_osteopenia_OP33.JPEG,osteopenia,Clinical_Knee_Cohort,osteopenia,-1.8,-1.4,0.88,0,57,M
OP34,clinical_osteopenia_OP34.JPEG,osteopenia,Clinical_Knee_Cohort,osteopenia,-1.8,-1.4,0.88,0,82,M
OP35,clinical_osteopenia_OP35.JPEG,osteopenia,Clinical_Knee_Cohort,osteopenia,-1.8,-1.4,0.88,0,72,F
OP36,clinical_osteopenia_OP36.JPEG,osteopenia,Clinical_Knee_Cohort,osteopenia,-1.8,-1.4,0.88,0,70,M
OP37,clinical_osteopenia_OP37.JPEG,osteopenia,Clinical_Knee_Cohort,osteopenia,-1.8,-1.4,0.88,0,79,M
OP38,clinical_osteopenia_OP38.JPEG,osteopenia,Clinical_Knee_Cohort,osteopenia,-1.8,-1.4,0.88,0,51,F
OP39,clinical_osteopenia_OP39.JPEG,osteopenia,Clinical_Knee_Cohort,osteopenia,-1.8,-1.4,0.88,0,70,F
OP4,clinical_osteopenia_OP4.JPEG,osteopenia,Clinical_Knee_Cohort,osteopenia,-1.8,-1.4,0.88,0,71,F
OP40,clinical_osteopenia_OP40.JPEG,osteopenia,Clinical_Knee_Cohort,osteopenia,-1.8,-1.4,0.88,0,57,F
OP41,clinical_osteopenia_OP41.JPEG,osteopenia,Clinical_Knee_Cohort,osteopenia,-1.8,-1.4,0.88,0,63,F
OP42,clinical_osteopenia_OP42.JPEG,osteopenia,Clinical_Knee_Cohort,osteopenia,-1.8,-1.4,0.88,0,70,F
OP43,clinical_osteopenia_OP43.JPEG,osteopenia,Clinical_Knee_Cohort,osteopenia,-1.8,-1.4,0.88,0,72,F
OP44,clinical_osteopenia_OP44.JPEG,osteopenia,Clinical_Knee_Cohort,osteopenia,-1.8,-1.4,0.88,0,68,M
OP45,clinical_osteopenia_OP45.jpg,osteopenia,Clinical_Knee_Cohort,osteopenia,-1.8,-1.4,0.88,0,66,F
OP46,clinical_osteopenia_OP46.jpg,osteopenia,Clinical_Knee_Cohort,osteopenia,-1.8,-1.4,0.88,0,48,M
OP47,clinical_osteopenia_OP47.jpg,osteopenia,Clinical_Knee_Cohort,osteopenia,-1.8,-1.4,0.88,0,72,M
OP48,clinical_osteopenia_OP48.jpg,osteopenia,Clinical_Knee_Cohort,osteopenia,-1.8,-1.4,0.88,0,49,F
OP49,clinical_osteopenia_OP49.jpg,osteopenia,Clinical_Knee_Cohort,osteopenia,-1.8,-1.4,0.88,0,46,F
OP5,clinical_osteopenia_OP5.JPEG,osteopenia,Clinical_Knee_Cohort,osteopenia,-1.8,-1.4,0.88,0,50,F
OP50,clinical_osteopenia_OP50.jpg,osteopenia,Clinical_Knee_Cohort,osteopenia,-1.8,-1.4,0.88,0,60,M
OP51,clinical_osteopenia_OP51.jpg,osteopenia,Clinical_Knee_Cohort,osteopenia,-1.8,-1.4,0.88,0,61,F
OP52,clinical_osteopenia_OP52.jpg,osteopenia,Clinical_Knee_Cohort,osteopenia,-1.8,-1.4,0.88,0,61,F
OP53,clinical_osteopenia_OP53.jpg,osteopenia,Clinical_Knee_Cohort,osteopenia,-1.8,-1.4,0.88,0,50,F
OP54,clinical_osteopenia_OP54.jpg,osteopenia,Clinical_Knee_Cohort,osteopenia,-1.8,-1.4,0.88,0,63,M
OP55,clinical_osteopenia_OP55.jpg,osteopenia,Clinical_Knee_Cohort,osteopenia,-1.8,-1.4,0.88,0,52,F
OP56,clinical_osteopenia_OP56.jpg,osteopenia,Clinical_Knee_Cohort,osteopenia,-1.8,-1.4,0.88,0,78,M
OP57,clinical_osteopenia_OP57.jpg,osteopenia,Clinical_Knee_Cohort,osteopenia,-1.8,-1.4,0.88,0,80,M
OP58,clinical_osteopenia_OP58.jpg,osteopenia,Clinical_Knee_Cohort,osteopenia,-1.8,-1.4,0.88,0,69,M
OP59,clinical_osteopenia_OP59.jpg,osteopenia,Clinical_Knee_Cohort,osteopenia,-1.8,-1.4,0.88,0,68,M
OP6,clinical_osteopenia_OP6.JPEG,osteopenia,Clinical_Knee_Cohort,osteopenia,-1.8,-1.4,0.88,0,59,M
OP60,clinical_osteopenia_OP60.jpg,osteopenia,Clinical_Knee_Cohort,osteopenia,-1.8,-1.4,0.88,0,64,F
OP61,clinical_osteopenia_OP61.jpg,osteopenia,Clinical_Knee_Cohort,osteopenia,-1.8,-1.4,0.88,0,64,M
OP62,clinical_osteopenia_OP62.jpg,osteopenia,Clinical_Knee_Cohort,osteopenia,-1.8,-1.4,0.88,0,65,F
OP63,clinical_osteopenia_OP63.jpg,osteopenia,Clinical_Knee_Cohort,osteopenia,-1.8,-1.4,0.88,0,52,F
OP64,clinical_osteopenia_OP64.jpg,osteopenia,Clinical_Knee_Cohort,osteopenia,-1.8,-1.4,0.88,0,45,F
OP65,clinical_osteopenia_OP65.jpg,osteopenia,Clinical_Knee_Cohort,osteopenia,-1.8,-1.4,0.88,0,45,F
OP66,clinical_osteopenia_OP66.jpg,osteopenia,Clinical_Knee_Cohort,osteopenia,-1.8,-1.4,0.88,0,55,M
OP67,clinical_osteopenia_OP67.jpg,osteopenia,Clinical_Knee_Cohort,osteopenia,-1.8,-1.4,0.88,0,70,M
OP68,clinical_osteopenia_OP68.jpg,osteopenia,Clinical_Knee_Cohort,osteopenia,-1.8,-1.4,0.88,0,54,M
OP69,clinical_osteopenia_OP69.jpg,osteopenia,Clinical_Knee_Cohort,osteopenia,-1.8,-1.4,0.88,0,65,F
OP7,clinical_osteopenia_OP7.JPEG,osteopenia,Clinical_Knee_Cohort,osteopenia,-1.8,-1.4,0.88,0,54,F
OP70,clinical_osteopenia_OP70.jpg,osteopenia,Clinical_Knee_Cohort,osteopenia,-1.8,-1.4,0.88,0,78,M
OP71,clinical_osteopenia_OP71.jpg,osteopenia,Clinical_Knee_Cohort,osteopenia,-1.8,-1.4,0.88,0,72,M
OP72,clinical_osteopenia_OP72.jpg,osteopenia,Clinical_Knee_Cohort,osteopenia,-1.8,-1.4,0.88,0,49,F
OP73,clinical_osteopenia_OP73.jpg,osteopenia,Clinical_Knee_Cohort,osteopenia,-1.8,-1.4,0.88,0,48,F
OP74,clinical_osteopenia_OP74.jpg,osteopenia,Clinical_Knee_Cohort,osteopenia,-1.8,-1.4,0.88,0,46,F
OP75,clinical_osteopenia_OP75.jpg,osteopenia,Clinical_Knee_Cohort,osteopenia,-1.8,-1.4,0.88,0,53,M
OP76,clinical_osteopenia_OP76.jpg,osteopenia,Clinical_Knee_Cohort,osteopenia,-1.8,-1.4,0.88,0,76,M
OP77,clinical_osteopenia_OP77.jpg,osteopenia,Clinical_Knee_Cohort,osteopenia,-1.8,-1.4,0.88,0,52,F
OP78,clinical_osteopenia_OP78.jpg,osteopenia,Clinical_Knee_Cohort,osteopenia,-1.8,-1.4,0.88,0,66,F
OP79,clinical_osteopenia_OP79.jpg,osteopenia,Clinical_Knee_Cohort,osteopenia,-1.8,-1.4,0.88,0,55,F
OP8,clinical_osteopenia_OP8.JPEG,osteopenia,Clinical_Knee_Cohort,osteopenia,-1.8,-1.4,0.88,0,52,F
OP80,clinical_osteopenia_OP80.jpg,osteopenia,Clinical_Knee_Cohort,osteopenia,-1.8,-1.4,0.88,0,46,F
OP81,clinical_osteopenia_OP81.jpg,osteopenia,Clinical_Knee_Cohort,osteopenia,-1.8,-1.4,0.88,0,47,F
OP82,clinical_osteopenia_OP82.jpg,osteopenia,Clinical_Knee_Cohort,osteopenia,-1.8,-1.4,0.88,0,69,M
OP83,clinical_osteopenia_OP83.jpg,osteopenia,Clinical_Knee_Cohort,osteopenia,-1.8,-1.4,0.88,0,73,F
OP84,clinical_osteopenia_OP84.jpg,osteopenia,Clinical_Knee_Cohort,osteopenia,-1.8,-1.4,0.88,0,71,F
OP85,clinical_osteopenia_OP85.jpg,osteopenia,Clinical_Knee_Cohort,osteopenia,-1.8,-1.4,0.88,0,60,F
OP86,clinical_osteopenia_OP86.jpg,osteopenia,Clinical_Knee_Cohort,osteopenia,-1.8,-1.4,0.88,0,61,F
OP87,clinical_osteopenia_OP87.jpg,osteopenia,Clinical_Knee_Cohort,osteopenia,-1.8,-1.4,0.88,0,72,F
OP88,clinical_osteopenia_OP88.jpg,osteopenia,Clinical_Knee_Cohort,osteopenia,-1.8,-1.4,0.88,0,61,M
OP89,clinical_osteopenia_OP89.jpg,osteopenia,Clinical_Knee_Cohort,osteopenia,-1.8,-1.4,0.88,0,73,F
OP9,clinical_osteopenia_OP9.JPEG,osteopenia,Clinical_Knee_Cohort,osteopenia,-1.8,-1.4,0.88,0,53,M
OP90,clinical_osteopenia_OP90.jpg,osteopenia,Clinical_Knee_Cohort,osteopenia,-1.8,-1.4,0.88,0,78,F
OP91,clinical_osteopenia_OP91.jpg,osteopenia,Clinical_Knee_Cohort,osteopenia,-1.8,-1.4,0.88,0,57,M
OP92,clinical_osteopenia_OP92.jpg,osteopenia,Clinical_Knee_Cohort,osteopenia,-1.8,-1.4,0.88,0,63,F
OP93,clinical_osteopenia_OP93.jpg,osteopenia,Clinical_Knee_Cohort,osteopenia,-1.8,-1.4,0.88,0,76,F
OP94,clinical_osteopenia_OP94.jpg,osteopenia,Clinical_Knee_Cohort,osteopenia,-1.8,-1.4,0.88,0,75,F
OP95,clinical_osteopenia_OP95.jpg,osteopenia,Clinical_Knee_Cohort,osteopenia,-1.8,-1.4,0.88,0,59,F
OP96,clinical_osteopenia_OP96.jpg,osteopenia,Clinical_Knee_Cohort,osteopenia,-1.8,-1.4,0.88,0,58,M
OP97,clinical_osteopenia_OP97.jpg,osteopenia,Clinical_Knee_Cohort,osteopenia,-1.8,-1.4,0.88,0,80,F
OP98,clinical_osteopenia_OP98.jpg,osteopenia,Clinical_Knee_Cohort,osteopenia,-1.8,-1.4,0.88,0,46,F
OP99,clinical_osteopenia_OP99.jpg,osteopenia,Clinical_Knee_Cohort,osteopenia,-1.8,-1.4,0.88,0,58,F
OS1,clinical_osteoporosis_OS1.JPEG,osteoporosis,Clinical_Knee_Cohort,osteoporosis,-3.2,-2.8000000000000003,0.62,1,75,M
OS10,clinical_osteoporosis_OS10.jpg,osteoporosis,Clinical_Knee_Cohort,osteoporosis,-3.2,-2.8000000000000003,0.62,1,82,F
OS11,clinical_osteoporosis_OS11.jpg,osteoporosis,Clinical_Knee_Cohort,osteoporosis,-3.2,-2.8000000000000003,0.62,1,74,M
OS12,clinical_osteoporosis_OS12.jpg,osteoporosis,Clinical_Knee_Cohort,osteoporosis,-3.2,-2.8000000000000003,0.62,1,63,F
OS13,clinical_osteoporosis_OS13.jpg,osteoporosis,Clinical_Knee_Cohort,osteoporosis,-3.2,-2.8000000000000003,0.62,1,49,M
OS14,clinical_osteoporosis_OS14.jpg,osteoporosis,Clinical_Knee_Cohort,osteoporosis,-3.2,-2.8000000000000003,0.62,1,45,F
OS15,clinical_osteoporosis_OS15.jpg,osteoporosis,Clinical_Knee_Cohort,osteoporosis,-3.2,-2.8000000000000003,0.62,1,51,M
OS16,clinical_osteoporosis_OS16.jpg,osteoporosis,Clinical_Knee_Cohort,osteoporosis,-3.2,-2.8000000000000003,0.62,1,70,M
OS17,clinical_osteoporosis_OS17.jpg,osteoporosis,Clinical_Knee_Cohort,osteoporosis,-3.2,-2.8000000000000003,0.62,1,55,F
OS18,clinical_osteoporosis_OS18.jpg,osteoporosis,Clinical_Knee_Cohort,osteoporosis,-3.2,-2.8000000000000003,0.62,1,58,F
OS19,clinical_osteoporosis_OS19.jpg,osteoporosis,Clinical_Knee_Cohort,osteoporosis,-3.2,-2.8000000000000003,0.62,1,56,M
OS2,clinical_osteoporosis_OS2.JPEG,osteoporosis,Clinical_Knee_Cohort,osteoporosis,-3.2,-2.8000000000000003,0.62,1,69,M
OS20,clinical_osteoporosis_OS20.jpg,osteoporosis,Clinical_Knee_Cohort,osteoporosis,-3.2,-2.8000000000000003,0.62,1,54,F
OS21,clinical_osteoporosis_OS21.jpg,osteoporosis,Clinical_Knee_Cohort,osteoporosis,-3.2,-2.8000000000000003,0.62,1,60,M
OS22,clinical_osteoporosis_OS22.jpg,osteoporosis,Clinical_Knee_Cohort,osteoporosis,-3.2,-2.8000000000000003,0.62,1,49,F
OS23,clinical_osteoporosis_OS23.jpg,osteoporosis,Clinical_Knee_Cohort,osteoporosis,-3.2,-2.8000000000000003,0.62,1,73,M
OS24,clinical_osteoporosis_OS24.jpg,osteoporosis,Clinical_Knee_Cohort,osteoporosis,-3.2,-2.8000000000000003,0.62,1,53,M
OS25,clinical_osteoporosis_OS25.jpg,osteoporosis,Clinical_Knee_Cohort,osteoporosis,-3.2,-2.8000000000000003,0.62,1,48,F
OS26,clinical_osteoporosis_OS26.jpg,osteoporosis,Clinical_Knee_Cohort,osteoporosis,-3.2,-2.8000000000000003,0.62,1,51,F
OS27,clinical_osteoporosis_OS27.jpg,osteoporosis,Clinical_Knee_Cohort,osteoporosis,-3.2,-2.8000000000000003,0.62,1,81,F
OS28,clinical_osteoporosis_OS28.jpg,osteoporosis,Clinical_Knee_Cohort,osteoporosis,-3.2,-2.8000000000000003,0.62,1,47,M
OS29,clinical_osteoporosis_OS29.jpg,osteoporosis,Clinical_Knee_Cohort,osteoporosis,-3.2,-2.8000000000000003,0.62,1,58,F
OS3,clinical_osteoporosis_OS3.JPEG,osteoporosis,Clinical_Knee_Cohort,osteoporosis,-3.2,-2.8000000000000003,0.62,1,54,F
OS30,clinical_osteoporosis_OS30.jpg,osteoporosis,Clinical_Knee_Cohort,osteoporosis,-3.2,-2.8000000000000003,0.62,1,82,F
OS31,clinical_osteoporosis_OS31.jpg,osteoporosis,Clinical_Knee_Cohort,osteoporosis,-3.2,-2.8000000000000003,0.62,1,78,F
OS32,clinical_osteoporosis_OS32.jpg,osteoporosis,Clinical_Knee_Cohort,osteoporosis,-3.2,-2.8000000000000003,0.62,1,46,M
OS33,clinical_osteoporosis_OS33.jpg,osteoporosis,Clinical_Knee_Cohort,osteoporosis,-3.2,-2.8000000000000003,0.62,1,79,F
OS34,clinical_osteoporosis_OS34.jpg,osteoporosis,Clinical_Knee_Cohort,osteoporosis,-3.2,-2.8000000000000003,0.62,1,56,F
OS35,clinical_osteoporosis_OS35.jpg,osteoporosis,Clinical_Knee_Cohort,osteoporosis,-3.2,-2.8000000000000003,0.62,1,65,F
OS36,clinical_osteoporosis_OS36.jpg,osteoporosis,Clinical_Knee_Cohort,osteoporosis,-3.2,-2.8000000000000003,0.62,1,75,F
OS37,clinical_osteoporosis_OS37.jpg,osteoporosis,Clinical_Knee_Cohort,osteoporosis,-3.2,-2.8000000000000003,0.62,1,77,F
OS38,clinical_osteoporosis_OS38.jpg,osteoporosis,Clinical_Knee_Cohort,osteoporosis,-3.2,-2.8000000000000003,0.62,1,45,M
OS39,clinical_osteoporosis_OS39.jpg,osteoporosis,Clinical_Knee_Cohort,osteoporosis,-3.2,-2.8000000000000003,0.62,1,53,M
OS4,clinical_osteoporosis_OS4.JPEG,osteoporosis,Clinical_Knee_Cohort,osteoporosis,-3.2,-2.8000000000000003,0.62,1,55,M
OS40,clinical_osteoporosis_OS40.jpg,osteoporosis,Clinical_Knee_Cohort,osteoporosis,-3.2,-2.8000000000000003,0.62,1,61,M
OS41,clinical_osteoporosis_OS41.jpg,osteoporosis,Clinical_Knee_Cohort,osteoporosis,-3.2,-2.8000000000000003,0.62,1,73,F
OS42,clinical_osteoporosis_OS42.jpg,osteoporosis,Clinical_Knee_Cohort,osteoporosis,-3.2,-2.8000000000000003,0.62,1,51,M
OS43,clinical_osteoporosis_OS43.jpg,osteoporosis,Clinical_Knee_Cohort,osteoporosis,-3.2,-2.8000000000000003,0.62,1,67,M
OS44,clinical_osteoporosis_OS44.jpg,osteoporosis,Clinical_Knee_Cohort,osteoporosis,-3.2,-2.8000000000000003,0.62,1,71,M
OS45,clinical_osteoporosis_OS45.jpg,osteoporosis,Clinical_Knee_Cohort,osteoporosis,-3.2,-2.8000000000000003,0.62,1,80,M
OS46,clinical_osteoporosis_OS46.jpg,osteoporosis,Clinical_Knee_Cohort,osteoporosis,-3.2,-2.8000000000000003,0.62,1,70,F
OS47,clinical_osteoporosis_OS47.jpg,osteoporosis,Clinical_Knee_Cohort,osteoporosis,-3.2,-2.8000000000000003,0.62,1,45,F
OS48,clinical_osteoporosis_OS48.jpg,osteoporosis,Clinical_Knee_Cohort,osteoporosis,-3.2,-2.8000000000000003,0.62,1,62,F
OS49,clinical_osteoporosis_OS49.jpg,osteoporosis,Clinical_Knee_Cohort,osteoporosis,-3.2,-2.8000000000000003,0.62,1,51,M
OS5,clinical_osteoporosis_OS5.JPEG,osteoporosis,Clinical_Knee_Cohort,osteoporosis,-3.2,-2.8000000000000003,0.62,1,56,F
OS6,clinical_osteoporosis_OS6.JPEG,osteoporosis,Clinical_Knee_Cohort,osteoporosis,-3.2,-2.8000000000000003,0.62,1,62,M
OS7,clinical_osteoporosis_OS7.JPEG,osteoporosis,Clinical_Knee_Cohort,osteoporosis,-3.2,-2.8000000000000003,0.62,1,52,M
OS8,clinical_osteoporosis_OS8.jpg,osteoporosis,Clinical_Knee_Cohort,osteoporosis,-3.2,-2.8000000000000003,0.62,1,80,M
OS9,clinical_osteoporosis_OS9.jpg,osteoporosis,Clinical_Knee_Cohort,osteoporosis,-3.2,-2.8000000000000003,0.62,1,47,M
BM_00240,benchmark_normal_00240.png,normal,MultiCohort_Expanded_Benchmark,normal,1.52,1.2,1.252,0,70,F
BM_00241,benchmark_normal_00241.png,normal,MultiCohort_Expanded_Benchmark,normal,-0.07,0.39,1.062,0,49,M
BM_00242,benchmark_normal_00242.png,normal,MultiCohort_Expanded_Benchmark,normal,1.37,1.84,1.234,0,61,F
BM_00243,benchmark_normal_00243.png,normal,MultiCohort_Expanded_Benchmark,normal,0.45,0.35,1.124,0,53,M
BM_00244,benchmark_normal_00244.png,normal,MultiCohort_Expanded_Benchmark,normal,1.32,0.98,1.228,0,59,F
BM_00245,benchmark_normal_00245.png,normal,MultiCohort_Expanded_Benchmark,normal,-0.17,-0.1,1.05,0,73,F
BM_00246,benchmark_normal_00246.png,normal,MultiCohort_Expanded_Benchmark,normal,0.24,-0.1,1.099,0,41,F
BM_00247,benchmark_normal_00247.png,normal,MultiCohort_Expanded_Benchmark,normal,0.87,0.86,1.174,0,46,F
BM_00248,benchmark_normal_00248.png,normal,MultiCohort_Expanded_Benchmark,normal,-0.1,0.09,1.058,0,60,F
BM_00249,benchmark_normal_00249.png,normal,MultiCohort_Expanded_Benchmark,normal,-0.02,-0.05,1.068,0,80,F
BM_00250,benchmark_normal_00250.png,normal,MultiCohort_Expanded_Benchmark,normal,1.72,2.06,1.276,0,61,M
BM_00251,benchmark_normal_00251.png,normal,MultiCohort_Expanded_Benchmark,normal,0.18,0.43,1.092,0,80,F
BM_00252,benchmark_normal_00252.png,normal,MultiCohort_Expanded_Benchmark,normal,-0.57,-0.61,1.002,0,42,F
BM_00253,benchmark_normal_00253.png,normal,MultiCohort_Expanded_Benchmark,normal,0.77,0.53,1.162,0,71,F
BM_00254,benchmark_normal_00254.png,normal,MultiCohort_Expanded_Benchmark,normal,0.67,0.31,1.15,0,82,F
BM_00255,benchmark_normal_00255.png,normal,MultiCohort_Expanded_Benchmark,normal,0.29,0.28,1.105,0,54,M
BM_00256,benchmark_normal_00256.png,normal,MultiCohort_Expanded_Benchmark,normal,0.49,0.69,1.129,0,82,F
BM_00257,benchmark_normal_00257.png,normal,MultiCohort_Expanded_Benchmark,normal,0.01,-0.38,1.071,0,65,F
BM_00258,benchmark_normal_00258.png,normal,MultiCohort_Expanded_Benchmark,normal,-0.28,0.21,1.036,0,67,M
BM_00259,benchmark_normal_00259.png,normal,MultiCohort_Expanded_Benchmark,normal,0.65,0.53,1.148,0,78,F
BM_00260,benchmark_normal_00260.png,normal,MultiCohort_Expanded_Benchmark,normal,0.4,0.25,1.118,0,86,F
BM_00261,benchmark_normal_00261.png,normal,MultiCohort_Expanded_Benchmark,normal,0.18,-0.04,1.092,0,56,F
BM_00262,benchmark_normal_00262.png,normal,MultiCohort_Expanded_Benchmark,normal,1.5,2.07,1.25,0,57,F
BM_00263,benchmark_normal_00263.png,normal,MultiCohort_Expanded_Benchmark,normal,0.95,0.95,1.184,0,50,F
BM_00264,benchmark_normal_00264.png,normal,MultiCohort_Expanded_Benchmark,normal,1.1,1.39,1.202,0,76,F
BM_00265,benchmark_normal_00265.png,normal,MultiCohort_Expanded_Benchmark,normal,-0.77,-0.9,0.978,0,83,M
BM_00266,benchmark_normal_00266.png,normal,MultiCohort_Expanded_Benchmark,normal,1.78,1.67,1.284,0,83,M
BM_00267,benchmark_normal_00267.png,normal,MultiCohort_Expanded_Benchmark,normal,-0.59,-0.25,0.999,0,79,F
BM_00268,benchmark_normal_00268.png,normal,MultiCohort_Expanded_Benchmark,normal,-0.6,-0.56,0.998,0,52,F
BM_00269,benchmark_normal_00269.png,normal,MultiCohort_Expanded_Benchmark,normal,1.43,1.93,1.242,0,71,F
BM_00270,benchmark_normal_00270.png,normal,MultiCohort_Expanded_Benchmark,normal,1.59,1.88,1.261,0,50,M
BM_00271,benchmark_normal_00271.png,normal,MultiCohort_Expanded_Benchmark,normal,1.78,1.84,1.284,0,75,F
BM_00272,benchmark_normal_00272.png,normal,MultiCohort_Expanded_Benchmark,normal,0.3,0.56,1.106,0,41,M
BM_00273,benchmark_normal_00273.png,normal,MultiCohort_Expanded_Benchmark,normal,-0.78,-0.28,0.976,0,45,F
BM_00274,benchmark_normal_00274.png,normal,MultiCohort_Expanded_Benchmark,normal,-0.69,-0.1,0.987,0,43,F
BM_00275,benchmark_normal_00275.png,normal,MultiCohort_Expanded_Benchmark,normal,0.11,-0.23,1.083,0,57,M
BM_00276,benchmark_normal_00276.png,normal,MultiCohort_Expanded_Benchmark,normal,0.76,0.8,1.161,0,82,F
BM_00277,benchmark_normal_00277.png,normal,MultiCohort_Expanded_Benchmark,normal,-0.66,-0.32,0.991,0,72,F
BM_00278,benchmark_normal_00278.png,normal,MultiCohort_Expanded_Benchmark,normal,0.56,0.44,1.137,0,82,M
BM_00279,benchmark_normal_00279.png,normal,MultiCohort_Expanded_Benchmark,normal,1.25,1.27,1.22,0,44,F
BM_00280,benchmark_normal_00280.png,normal,MultiCohort_Expanded_Benchmark,normal,-0.72,-0.19,0.984,0,54,F
BM_00281,benchmark_normal_00281.png,normal,MultiCohort_Expanded_Benchmark,normal,1.59,2.02,1.261,0,71,F
BM_00282,benchmark_normal_00282.png,normal,MultiCohort_Expanded_Benchmark,normal,1.58,2.04,1.26,0,47,F
BM_00283,benchmark_normal_00283.png,normal,MultiCohort_Expanded_Benchmark,normal,-0.07,0.02,1.062,0,70,F
BM_00284,benchmark_normal_00284.png,normal,MultiCohort_Expanded_Benchmark,normal,1.34,1.53,1.231,0,70,F
BM_00285,benchmark_normal_00285.png,normal,MultiCohort_Expanded_Benchmark,normal,-0.7,-0.96,0.986,0,63,F
BM_00286,benchmark_normal_00286.png,normal,MultiCohort_Expanded_Benchmark,normal,1.31,1.41,1.227,0,55,F
BM_00287,benchmark_normal_00287.png,normal,MultiCohort_Expanded_Benchmark,normal,0.63,0.99,1.146,0,45,F
BM_00288,benchmark_normal_00288.png,normal,MultiCohort_Expanded_Benchmark,normal,-0.31,0.28,1.033,0,75,F
BM_00289,benchmark_normal_00289.png,normal,MultiCohort_Expanded_Benchmark,normal,1.24,1.07,1.219,0,40,F
BM_00290,benchmark_normal_00290.png,normal,MultiCohort_Expanded_Benchmark,normal,-0.77,-1.12,0.978,0,58,F
BM_00291,benchmark_normal_00291.png,normal,MultiCohort_Expanded_Benchmark,normal,1.77,1.44,1.282,0,45,F
BM_00292,benchmark_normal_00292.png,normal,MultiCohort_Expanded_Benchmark,normal,1.7,1.31,1.274,0,72,F
BM_00293,benchmark_normal_00293.png,normal,MultiCohort_Expanded_Benchmark,normal,-0.37,-0.24,1.026,0,85,F
BM_00294,benchmark_normal_00294.png,normal,MultiCohort_Expanded_Benchmark,normal,0.05,-0.17,1.076,0,67,F
BM_00295,benchmark_normal_00295.png,normal,MultiCohort_Expanded_Benchmark,normal,0.77,0.91,1.162,0,44,M
BM_00296,benchmark_normal_00296.png,normal,MultiCohort_Expanded_Benchmark,normal,0.07,-0.2,1.078,0,49,F
BM_00297,benchmark_normal_00297.png,normal,MultiCohort_Expanded_Benchmark,normal,0.29,0.57,1.105,0,55,M
BM_00298,benchmark_normal_00298.png,normal,MultiCohort_Expanded_Benchmark,normal,0.29,-0.01,1.105,0,88,F
BM_00299,benchmark_normal_00299.png,normal,MultiCohort_Expanded_Benchmark,normal,-0.68,-0.4,0.988,0,46,F
BM_00300,benchmark_normal_00300.png,normal,MultiCohort_Expanded_Benchmark,normal,-0.53,-0.59,1.006,0,72,F
BM_00301,benchmark_normal_00301.png,normal,MultiCohort_Expanded_Benchmark,normal,1.12,1.32,1.204,0,67,F
BM_00302,benchmark_normal_00302.png,normal,MultiCohort_Expanded_Benchmark,normal,1.48,1.56,1.248,0,44,F
BM_00303,benchmark_normal_00303.png,normal,MultiCohort_Expanded_Benchmark,normal,1.44,1.84,1.243,0,61,F
BM_00304,benchmark_normal_00304.png,normal,MultiCohort_Expanded_Benchmark,normal,-0.71,-0.42,0.985,0,63,F
BM_00305,benchmark_normal_00305.png,normal,MultiCohort_Expanded_Benchmark,normal,-0.35,-0.46,1.028,0,67,M
BM_00306,benchmark_normal_00306.png,normal,MultiCohort_Expanded_Benchmark,normal,0.88,0.58,1.176,0,84,F
BM_00307,benchmark_normal_00307.png,normal,MultiCohort_Expanded_Benchmark,normal,1.35,1.17,1.232,0,85,M
BM_00308,benchmark_normal_00308.png,normal,MultiCohort_Expanded_Benchmark,normal,1.22,1.22,1.216,0,61,M
BM_00309,benchmark_normal_00309.png,normal,MultiCohort_Expanded_Benchmark,normal,0.4,0.71,1.118,0,84,M
BM_00310,benchmark_normal_00310.png,normal,MultiCohort_Expanded_Benchmark,normal,-0.19,0.12,1.047,0,49,F
BM_00311,benchmark_normal_00311.png,normal,MultiCohort_Expanded_Benchmark,normal,-0.32,-0.41,1.032,0,48,F
BM_00312,benchmark_normal_00312.png,normal,MultiCohort_Expanded_Benchmark,normal,0.35,0.84,1.112,0,77,M
BM_00313,benchmark_normal_00313.png,normal,MultiCohort_Expanded_Benchmark,normal,0.33,0.91,1.11,0,69,M
BM_00314,benchmark_normal_00314.png,normal,MultiCohort_Expanded_Benchmark,normal,0.54,1.02,1.135,0,55,F
BM_00315,benchmark_normal_00315.png,normal,MultiCohort_Expanded_Benchmark,normal,-0.02,0.19,1.068,0,53,F
BM_00316,benchmark_normal_00316.png,normal,MultiCohort_Expanded_Benchmark,normal,0.79,0.6,1.165,0,66,F
BM_00317,benchmark_normal_00317.png,normal,MultiCohort_Expanded_Benchmark,normal,0.1,0.65,1.082,0,68,F
BM_00318,benchmark_normal_00318.png,normal,MultiCohort_Expanded_Benchmark,normal,-0.53,-0.1,1.006,0,42,F
BM_00319,benchmark_normal_00319.png,normal,MultiCohort_Expanded_Benchmark,normal,1.54,1.62,1.255,0,87,M
BM_00320,benchmark_normal_00320.png,normal,MultiCohort_Expanded_Benchmark,normal,1.69,1.73,1.273,0,50,M
BM_00321,benchmark_normal_00321.png,normal,MultiCohort_Expanded_Benchmark,normal,0.69,0.84,1.153,0,73,F
BM_00322,benchmark_normal_00322.png,normal,MultiCohort_Expanded_Benchmark,normal,0.89,0.52,1.177,0,74,M
BM_00323,benchmark_normal_00323.png,normal,MultiCohort_Expanded_Benchmark,normal,-0.78,-1.05,0.976,0,72,F
BM_00324,benchmark_normal_00324.png,normal,MultiCohort_Expanded_Benchmark,normal,0.28,0.3,1.104,0,85,F
BM_00325,benchmark_normal_00325.png,normal,MultiCohort_Expanded_Benchmark,normal,0.71,0.31,1.155,0,79,F
BM_00326,benchmark_normal_00326.png,normal,MultiCohort_Expanded_Benchmark,normal,0.85,1.39,1.172,0,60,F
BM_00327,benchmark_normal_00327.png,normal,MultiCohort_Expanded_Benchmark,normal,1.34,1.53,1.231,0,53,F
BM_00328,benchmark_normal_00328.png,normal,MultiCohort_Expanded_Benchmark,normal,-0.46,-0.2,1.015,0,64,M
BM_00329,benchmark_normal_00329.png,normal,MultiCohort_Expanded_Benchmark,normal,1.18,0.92,1.212,0,79,F
BM_00330,benchmark_normal_00330.png,normal,MultiCohort_Expanded_Benchmark,normal,-0.27,-0.35,1.038,0,54,F
BM_00331,benchmark_normal_00331.png,normal,MultiCohort_Expanded_Benchmark,normal,1.07,1.35,1.198,0,48,F
BM_00332,benchmark_normal_00332.png,normal,MultiCohort_Expanded_Benchmark,normal,-0.23,0.12,1.042,0,75,F
BM_00333,benchmark_normal_00333.png,normal,MultiCohort_Expanded_Benchmark,normal,-0.78,-0.4,0.976,0,53,F
BM_00334,benchmark_normal_00334.png,normal,MultiCohort_Expanded_Benchmark,normal,1.05,0.73,1.196,0,86,M
BM_00335,benchmark_normal_00335.png,normal,MultiCohort_Expanded_Benchmark,normal,-0.41,-0.47,1.021,0,44,F
BM_00336,benchmark_normal_00336.png,normal,MultiCohort_Expanded_Benchmark,normal,0.88,1.15,1.176,0,71,F
BM_00337,benchmark_normal_00337.png,normal,MultiCohort_Expanded_Benchmark,normal,1.51,1.87,1.251,0,44,M
BM_00338,benchmark_normal_00338.png,normal,MultiCohort_Expanded_Benchmark,normal,0.13,0.4,1.086,0,77,F
BM_00339,benchmark_normal_00339.png,normal,MultiCohort_Expanded_Benchmark,normal,-0.38,-0.65,1.024,0,78,M
BM_00340,benchmark_normal_00340.png,normal,MultiCohort_Expanded_Benchmark,normal,1.79,2.31,1.285,0,65,F
BM_00341,benchmark_normal_00341.png,normal,MultiCohort_Expanded_Benchmark,normal,-0.29,-0.57,1.035,0,40,F
BM_00342,benchmark_normal_00342.png,normal,MultiCohort_Expanded_Benchmark,normal,0.37,0.12,1.114,0,83,F
BM_00343,benchmark_normal_00343.png,normal,MultiCohort_Expanded_Benchmark,normal,1.67,2.09,1.27,0,80,F
BM_00344,benchmark_normal_00344.png,normal,MultiCohort_Expanded_Benchmark,normal,0.17,0.61,1.09,0,55,M
BM_00345,benchmark_normal_00345.png,normal,MultiCohort_Expanded_Benchmark,normal,1.49,1.16,1.249,0,65,F
BM_00346,benchmark_normal_00346.png,normal,MultiCohort_Expanded_Benchmark,normal,-0.13,-0.51,1.054,0,88,F
BM_00347,benchmark_normal_00347.png,normal,MultiCohort_Expanded_Benchmark,normal,-0.67,-0.25,0.99,0,47,F
BM_00348,benchmark_normal_00348.png,normal,MultiCohort_Expanded_Benchmark,normal,0.88,0.52,1.176,0,69,M
BM_00349,benchmark_normal_00349.png,normal,MultiCohort_Expanded_Benchmark,normal,0.83,0.97,1.17,0,57,F
BM_00350,benchmark_normal_00350.png,normal,MultiCohort_Expanded_Benchmark,normal,1.7,1.82,1.274,0,76,F
BM_00351,benchmark_normal_00351.png,normal,MultiCohort_Expanded_Benchmark,normal,0.24,-0.04,1.099,0,75,F
BM_00352,benchmark_normal_00352.png,normal,MultiCohort_Expanded_Benchmark,normal,0.15,0.05,1.088,0,63,F
BM_00353,benchmark_normal_00353.png,normal,MultiCohort_Expanded_Benchmark,normal,-0.16,-0.34,1.051,0,76,F
BM_00354,benchmark_normal_00354.png,normal,MultiCohort_Expanded_Benchmark,normal,0.63,1.03,1.146,0,55,M
BM_00355,benchmark_normal_00355.png,normal,MultiCohort_Expanded_Benchmark,normal,1.78,2.1,1.284,0,50,F
BM_00356,benchmark_normal_00356.png,normal,MultiCohort_Expanded_Benchmark,normal,0.46,0.42,1.125,0,63,M
BM_00357,benchmark_normal_00357.png,normal,MultiCohort_Expanded_Benchmark,normal,0.4,0.22,1.118,0,72,F
BM_00358,benchmark_normal_00358.png,normal,MultiCohort_Expanded_Benchmark,normal,-0.63,-0.8,0.994,0,67,F
BM_00359,benchmark_normal_00359.png,normal,MultiCohort_Expanded_Benchmark,normal,0.47,0.18,1.126,0,47,M
BM_00360,benchmark_normal_00360.png,normal,MultiCohort_Expanded_Benchmark,normal,0.82,0.95,1.168,0,53,F
BM_00361,benchmark_normal_00361.png,normal,MultiCohort_Expanded_Benchmark,normal,-0.26,-0.1,1.039,0,86,M
BM_00362,benchmark_normal_00362.png,normal,MultiCohort_Expanded_Benchmark,normal,0.83,0.82,1.17,0,79,M
BM_00363,benchmark_normal_00363.png,normal,MultiCohort_Expanded_Benchmark,normal,1.22,1.41,1.216,0,74,F
BM_00364,benchmark_normal_00364.png,normal,MultiCohort_Expanded_Benchmark,normal,-0.24,0.12,1.041,0,77,F
BM_00365,benchmark_normal_00365.png,normal,MultiCohort_Expanded_Benchmark,normal,0.38,0.16,1.116,0,71,F
BM_00366,benchmark_normal_00366.png,normal,MultiCohort_Expanded_Benchmark,normal,-0.58,-0.44,1.0,0,81,F
BM_00367,benchmark_normal_00367.png,normal,MultiCohort_Expanded_Benchmark,normal,1.05,1.35,1.196,0,62,F
BM_00368,benchmark_normal_00368.png,normal,MultiCohort_Expanded_Benchmark,normal,-0.84,-0.47,0.969,0,68,F
BM_00369,benchmark_normal_00369.png,normal,MultiCohort_Expanded_Benchmark,normal,-0.76,-0.42,0.979,0,42,F
BM_00370,benchmark_normal_00370.png,normal,MultiCohort_Expanded_Benchmark,normal,-0.64,-0.57,0.993,0,57,F
BM_00371,benchmark_normal_00371.png,normal,MultiCohort_Expanded_Benchmark,normal,-0.62,-0.92,0.996,0,52,F
BM_00372,benchmark_normal_00372.png,normal,MultiCohort_Expanded_Benchmark,normal,-0.56,-0.13,1.003,0,76,F
BM_00373,benchmark_normal_00373.png,normal,MultiCohort_Expanded_Benchmark,normal,-0.82,-1.08,0.972,0,64,M
BM_00374,benchmark_normal_00374.png,normal,MultiCohort_Expanded_Benchmark,normal,1.11,1.45,1.203,0,58,F
BM_00375,benchmark_normal_00375.png,normal,MultiCohort_Expanded_Benchmark,normal,-0.19,0.02,1.047,0,86,M
BM_00376,benchmark_normal_00376.png,normal,MultiCohort_Expanded_Benchmark,normal,1.02,0.98,1.192,0,46,M
BM_00377,benchmark_normal_00377.png,normal,MultiCohort_Expanded_Benchmark,normal,1.32,1.03,1.228,0,61,F
BM_00378,benchmark_normal_00378.png,normal,MultiCohort_Expanded_Benchmark,normal,0.32,0.55,1.108,0,69,M
BM_00379,benchmark_normal_00379.png,normal,MultiCohort_Expanded_Benchmark,normal,0.12,-0.25,1.084,0,50,M
BM_00380,benchmark_normal_00380.png,normal,MultiCohort_Expanded_Benchmark,normal,1.46,2.02,1.245,0,57,F
BM_00381,benchmark_normal_00381.png,normal,MultiCohort_Expanded_Benchmark,normal,1.15,1.03,1.208,0,71,F
BM_00382,benchmark_normal_00382.png,normal,MultiCohort_Expanded_Benchmark,normal,1.18,1.55,1.212,0,46,F
BM_00383,benchmark_normal_00383.png,normal,MultiCohort_Expanded_Benchmark,normal,1.63,1.41,1.266,0,86,M
BM_00384,benchmark_normal_00384.png,normal,MultiCohort_Expanded_Benchmark,normal,0.86,0.53,1.173,0,57,F
BM_00385,benchmark_normal_00385.png,normal,MultiCohort_Expanded_Benchmark,normal,0.8,0.42,1.166,0,49,M
BM_00386,benchmark_normal_00386.png,normal,MultiCohort_Expanded_Benchmark,normal,-0.54,-0.21,1.005,0,88,F
BM_00387,benchmark_normal_00387.png,normal,MultiCohort_Expanded_Benchmark,normal,1.52,2.08,1.252,0,84,F
BM_00388,benchmark_normal_00388.png,normal,MultiCohort_Expanded_Benchmark,normal,0.1,0.61,1.082,0,48,M
BM_00389,benchmark_normal_00389.png,normal,MultiCohort_Expanded_Benchmark,normal,0.92,1.44,1.18,0,85,F
BM_00390,benchmark_normal_00390.png,normal,MultiCohort_Expanded_Benchmark,normal,-0.82,-0.36,0.972,0,63,M
BM_00391,benchmark_normal_00391.png,normal,MultiCohort_Expanded_Benchmark,normal,-0.22,-0.11,1.044,0,65,F
BM_00392,benchmark_normal_00392.png,normal,MultiCohort_Expanded_Benchmark,normal,1.68,1.84,1.272,0,80,F
BM_00393,benchmark_normal_00393.png,normal,MultiCohort_Expanded_Benchmark,normal,-0.02,-0.39,1.068,0,57,M
BM_00394,benchmark_normal_00394.png,normal,MultiCohort_Expanded_Benchmark,normal,1.22,0.98,1.216,0,86,F
BM_00395,benchmark_normal_00395.png,normal,MultiCohort_Expanded_Benchmark,normal,1.04,0.98,1.195,0,74,F
BM_00396,benchmark_normal_00396.png,normal,MultiCohort_Expanded_Benchmark,normal,-0.57,-0.58,1.002,0,76,F
BM_00397,benchmark_normal_00397.png,normal,MultiCohort_Expanded_Benchmark,normal,1.14,0.97,1.207,0,62,M
BM_00398,benchmark_normal_00398.png,normal,MultiCohort_Expanded_Benchmark,normal,0.41,0.73,1.119,0,43,M
BM_00399,benchmark_normal_00399.png,normal,MultiCohort_Expanded_Benchmark,normal,-0.9,-1.15,0.962,0,86,M
BM_00400,benchmark_normal_00400.png,normal,MultiCohort_Expanded_Benchmark,normal,1.39,1.78,1.237,0,88,F
BM_00401,benchmark_normal_00401.png,normal,MultiCohort_Expanded_Benchmark,normal,-0.85,-0.56,0.968,0,69,F
BM_00402,benchmark_normal_00402.png,normal,MultiCohort_Expanded_Benchmark,normal,0.26,0.84,1.101,0,43,F
BM_00403,benchmark_normal_00403.png,normal,MultiCohort_Expanded_Benchmark,normal,-0.54,-0.58,1.005,0,50,F
BM_00404,benchmark_normal_00404.png,normal,MultiCohort_Expanded_Benchmark,normal,-0.4,-0.31,1.022,0,85,M
BM_00405,benchmark_normal_00405.png,normal,MultiCohort_Expanded_Benchmark,normal,-0.49,-0.74,1.011,0,53,F
BM_00406,benchmark_normal_00406.png,normal,MultiCohort_Expanded_Benchmark,normal,1.17,1.21,1.21,0,83,F
BM_00407,benchmark_normal_00407.png,normal,MultiCohort_Expanded_Benchmark,normal,1.16,1.06,1.209,0,48,F
BM_00408,benchmark_normal_00408.png,normal,MultiCohort_Expanded_Benchmark,normal,0.38,0.69,1.116,0,44,F
BM_00409,benchmark_normal_00409.png,normal,MultiCohort_Expanded_Benchmark,normal,-0.84,-1.02,0.969,0,40,F
BM_00410,benchmark_normal_00410.png,normal,MultiCohort_Expanded_Benchmark,normal,1.34,1.74,1.231,0,51,F
BM_00411,benchmark_normal_00411.png,normal,MultiCohort_Expanded_Benchmark,normal,0.29,0.76,1.105,0,72,F
BM_00412,benchmark_normal_00412.png,normal,MultiCohort_Expanded_Benchmark,normal,-0.25,-0.25,1.04,0,69,F
BM_00413,benchmark_normal_00413.png,normal,MultiCohort_Expanded_Benchmark,normal,-0.02,-0.32,1.068,0,59,F
BM_00414,benchmark_normal_00414.png,normal,MultiCohort_Expanded_Benchmark,normal,0.57,0.42,1.138,0,79,F
BM_00415,benchmark_normal_00415.png,normal,MultiCohort_Expanded_Benchmark,normal,0.53,0.95,1.134,0,87,M
BM_00416,benchmark_normal_00416.png,normal,MultiCohort_Expanded_Benchmark,normal,1.29,1.16,1.225,0,53,F
BM_00417,benchmark_normal_00417.png,normal,MultiCohort_Expanded_Benchmark,normal,0.76,1.19,1.161,0,46,F
BM_00418,benchmark_normal_00418.png,normal,MultiCohort_Expanded_Benchmark,normal,1.43,1.67,1.242,0,52,F
BM_00419,benchmark_normal_00419.png,normal,MultiCohort_Expanded_Benchmark,normal,-0.27,0.0,1.038,0,65,F
BM_00420,benchmark_normal_00420.png,normal,MultiCohort_Expanded_Benchmark,normal,-0.46,0.08,1.015,0,69,F
BM_00421,benchmark_normal_00421.png,normal,MultiCohort_Expanded_Benchmark,normal,0.85,0.59,1.172,0,59,F
BM_00422,benchmark_normal_00422.png,normal,MultiCohort_Expanded_Benchmark,normal,0.64,0.82,1.147,0,58,F
BM_00423,benchmark_normal_00423.png,normal,MultiCohort_Expanded_Benchmark,normal,0.82,0.98,1.168,0,50,M
BM_00424,benchmark_normal_00424.png,normal,MultiCohort_Expanded_Benchmark,normal,1.45,1.66,1.244,0,83,M
BM_00425,benchmark_normal_00425.png,normal,MultiCohort_Expanded_Benchmark,normal,1.29,1.03,1.225,0,44,M
BM_00426,benchmark_normal_00426.png,normal,MultiCohort_Expanded_Benchmark,normal,1.31,1.65,1.227,0,48,F
BM_00427,benchmark_normal_00427.png,normal,MultiCohort_Expanded_Benchmark,normal,0.75,1.3,1.16,0,47,F
BM_00428,benchmark_normal_00428.png,normal,MultiCohort_Expanded_Benchmark,normal,1.56,1.55,1.257,0,74,F
BM_00429,benchmark_normal_00429.png,normal,MultiCohort_Expanded_Benchmark,normal,1.09,0.83,1.201,0,70,F
BM_00430,benchmark_normal_00430.png,normal,MultiCohort_Expanded_Benchmark,normal,1.15,1.56,1.208,0,41,M
BM_00431,benchmark_normal_00431.png,normal,MultiCohort_Expanded_Benchmark,normal,0.15,0.16,1.088,0,60,F
BM_00432,benchmark_normal_00432.png,normal,MultiCohort_Expanded_Benchmark,normal,-0.46,-0.39,1.015,0,71,F
BM_00433,benchmark_normal_00433.png,normal,MultiCohort_Expanded_Benchmark,normal,-0.0,0.2,1.07,0,71,M
BM_00434,benchmark_normal_00434.png,normal,MultiCohort_Expanded_Benchmark,normal,0.75,0.78,1.16,0,88,F
BM_00435,benchmark_normal_00435.png,normal,MultiCohort_Expanded_Benchmark,normal,0.37,-0.03,1.114,0,68,F
BM_00436,benchmark_normal_00436.png,normal,MultiCohort_Expanded_Benchmark,normal,-0.09,-0.3,1.059,0,58,F
BM_00437,benchmark_normal_00437.png,normal,MultiCohort_Expanded_Benchmark,normal,-0.18,-0.46,1.048,0,77,F
BM_00438,benchmark_normal_00438.png,normal,MultiCohort_Expanded_Benchmark,normal,-0.24,-0.42,1.041,0,45,F
BM_00439,benchmark_normal_00439.png,normal,MultiCohort_Expanded_Benchmark,normal,-0.23,-0.29,1.042,0,41,F
BM_00440,benchmark_normal_00440.png,normal,MultiCohort_Expanded_Benchmark,normal,0.19,0.56,1.093,0,54,F
BM_00441,benchmark_normal_00441.png,normal,MultiCohort_Expanded_Benchmark,normal,1.49,2.03,1.249,0,60,F
BM_00442,benchmark_normal_00442.png,normal,MultiCohort_Expanded_Benchmark,normal,-0.86,-0.42,0.967,0,72,F
BM_00443,benchmark_normal_00443.png,normal,MultiCohort_Expanded_Benchmark,normal,1.12,0.85,1.204,0,86,F
BM_00444,benchmark_normal_00444.png,normal,MultiCohort_Expanded_Benchmark,normal,-0.21,-0.58,1.045,0,61,F
BM_00445,benchmark_normal_00445.png,normal,MultiCohort_Expanded_Benchmark,normal,-0.37,-0.27,1.026,0,65,F
BM_00446,benchmark_normal_00446.png,normal,MultiCohort_Expanded_Benchmark,normal,-0.81,-0.27,0.973,0,52,M
BM_00447,benchmark_normal_00447.png,normal,MultiCohort_Expanded_Benchmark,normal,1.47,1.39,1.246,0,63,F
BM_00448,benchmark_normal_00448.png,normal,MultiCohort_Expanded_Benchmark,normal,-0.02,-0.08,1.068,0,75,M
BM_00449,benchmark_normal_00449.png,normal,MultiCohort_Expanded_Benchmark,normal,-0.48,-0.1,1.012,0,54,M
BM_00450,benchmark_normal_00450.png,normal,MultiCohort_Expanded_Benchmark,normal,-0.2,-0.52,1.046,0,47,F
BM_00451,benchmark_normal_00451.png,normal,MultiCohort_Expanded_Benchmark,normal,1.44,1.82,1.243,0,72,F
BM_00452,benchmark_normal_00452.png,normal,MultiCohort_Expanded_Benchmark,normal,1.4,1.9,1.238,0,83,M
BM_00453,benchmark_normal_00453.png,normal,MultiCohort_Expanded_Benchmark,normal,0.23,-0.06,1.098,0,80,F
BM_00454,benchmark_normal_00454.png,normal,MultiCohort_Expanded_Benchmark,normal,1.78,1.92,1.284,0,78,M
BM_00455,benchmark_normal_00455.png,normal,MultiCohort_Expanded_Benchmark,normal,0.99,0.8,1.189,0,52,F
BM_00456,benchmark_normal_00456.png,normal,MultiCohort_Expanded_Benchmark,normal,-0.45,0.08,1.016,0,50,F
BM_00457,benchmark_normal_00457.png,normal,MultiCohort_Expanded_Benchmark,normal,1.39,1.14,1.237,0,61,F
BM_00458,benchmark_normal_00458.png,normal,MultiCohort_Expanded_Benchmark,normal,0.18,0.12,1.092,0,80,F
BM_00459,benchmark_normal_00459.png,normal,MultiCohort_Expanded_Benchmark,normal,0.0,0.03,1.07,0,88,F
BM_00460,benchmark_normal_00460.png,normal,MultiCohort_Expanded_Benchmark,normal,-0.19,-0.15,1.047,0,86,M
BM_00461,benchmark_normal_00461.png,normal,MultiCohort_Expanded_Benchmark,normal,1.07,0.8,1.198,0,57,F
BM_00462,benchmark_normal_00462.png,normal,MultiCohort_Expanded_Benchmark,normal,-0.52,-0.35,1.008,0,85,F
BM_00463,benchmark_normal_00463.png,normal,MultiCohort_Expanded_Benchmark,normal,-0.61,-0.71,0.997,0,57,F
BM_00464,benchmark_normal_00464.png,normal,MultiCohort_Expanded_Benchmark,normal,-0.42,0.08,1.02,0,80,F
BM_00465,benchmark_normal_00465.png,normal,MultiCohort_Expanded_Benchmark,normal,0.55,0.86,1.136,0,67,M
BM_00466,benchmark_normal_00466.png,normal,MultiCohort_Expanded_Benchmark,normal,1.44,1.55,1.243,0,43,F
BM_00467,benchmark_normal_00467.png,normal,MultiCohort_Expanded_Benchmark,normal,1.61,1.7,1.263,0,46,M
BM_00468,benchmark_normal_00468.png,normal,MultiCohort_Expanded_Benchmark,normal,0.95,0.75,1.184,0,42,F
BM_00469,benchmark_normal_00469.png,normal,MultiCohort_Expanded_Benchmark,normal,-0.26,-0.59,1.039,0,65,F
BM_00470,benchmark_normal_00470.png,normal,MultiCohort_Expanded_Benchmark,normal,0.9,1.3,1.178,0,73,F
BM_00471,benchmark_normal_00471.png,normal,MultiCohort_Expanded_Benchmark,normal,0.22,-0.11,1.096,0,43,F
BM_00472,benchmark_normal_00472.png,normal,MultiCohort_Expanded_Benchmark,normal,0.71,1.26,1.155,0,46,M
BM_00473,benchmark_normal_00473.png,normal,MultiCohort_Expanded_Benchmark,normal,0.67,0.33,1.15,0,43,F
BM_00474,benchmark_normal_00474.png,normal,MultiCohort_Expanded_Benchmark,normal,-0.16,-0.15,1.051,0,71,M
BM_00475,benchmark_normal_00475.png,normal,MultiCohort_Expanded_Benchmark,normal,0.45,0.67,1.124,0,73,M
BM_00476,benchmark_normal_00476.png,normal,MultiCohort_Expanded_Benchmark,normal,-0.72,-0.4,0.984,0,54,F
BM_00477,benchmark_normal_00477.png,normal,MultiCohort_Expanded_Benchmark,normal,1.02,1.28,1.192,0,75,F
BM_00478,benchmark_normal_00478.png,normal,MultiCohort_Expanded_Benchmark,normal,-0.73,-0.36,0.982,0,66,F
BM_00479,benchmark_normal_00479.png,normal,MultiCohort_Expanded_Benchmark,normal,0.97,1.52,1.186,0,73,F
BM_00480,benchmark_normal_00480.png,normal,MultiCohort_Expanded_Benchmark,normal,1.08,1.64,1.2,0,63,F
BM_00481,benchmark_normal_00481.png,normal,MultiCohort_Expanded_Benchmark,normal,-0.82,-0.83,0.972,0,86,F
BM_00482,benchmark_normal_00482.png,normal,MultiCohort_Expanded_Benchmark,normal,0.35,0.94,1.112,0,50,M
BM_00483,benchmark_normal_00483.png,normal,MultiCohort_Expanded_Benchmark,normal,-0.21,-0.57,1.045,0,48,F
BM_00484,benchmark_normal_00484.png,normal,MultiCohort_Expanded_Benchmark,normal,0.46,0.4,1.125,0,78,F
BM_00485,benchmark_normal_00485.png,normal,MultiCohort_Expanded_Benchmark,normal,0.75,0.67,1.16,0,40,F
BM_00486,benchmark_normal_00486.png,normal,MultiCohort_Expanded_Benchmark,normal,1.39,1.11,1.237,0,56,M
BM_00487,benchmark_normal_00487.png,normal,MultiCohort_Expanded_Benchmark,normal,-0.19,-0.49,1.047,0,74,F
BM_00488,benchmark_normal_00488.png,normal,MultiCohort_Expanded_Benchmark,normal,0.79,0.82,1.165,0,72,F
BM_00489,benchmark_normal_00489.png,normal,MultiCohort_Expanded_Benchmark,normal,-0.44,-0.51,1.017,0,48,F
BM_00490,benchmark_normal_00490.png,normal,MultiCohort_Expanded_Benchmark,normal,-0.81,-0.32,0.973,0,61,F
BM_00491,benchmark_normal_00491.png,normal,MultiCohort_Expanded_Benchmark,normal,0.33,0.01,1.11,0,43,F
BM_00492,benchmark_normal_00492.png,normal,MultiCohort_Expanded_Benchmark,normal,0.13,0.28,1.086,0,42,F
BM_00493,benchmark_normal_00493.png,normal,MultiCohort_Expanded_Benchmark,normal,-0.27,0.03,1.038,0,65,F
BM_00494,benchmark_normal_00494.png,normal,MultiCohort_Expanded_Benchmark,normal,-0.19,-0.12,1.047,0,44,F
BM_00495,benchmark_normal_00495.png,normal,MultiCohort_Expanded_Benchmark,normal,0.88,1.17,1.176,0,84,F
BM_00496,benchmark_normal_00496.png,normal,MultiCohort_Expanded_Benchmark,normal,0.1,0.12,1.082,0,48,F
BM_00497,benchmark_normal_00497.png,normal,MultiCohort_Expanded_Benchmark,normal,0.62,0.92,1.144,0,66,M
BM_00498,benchmark_normal_00498.png,normal,MultiCohort_Expanded_Benchmark,normal,-0.49,0.0,1.011,0,85,F
BM_00499,benchmark_normal_00499.png,normal,MultiCohort_Expanded_Benchmark,normal,1.49,1.68,1.249,0,56,M
BM_00500,benchmark_normal_00500.png,normal,MultiCohort_Expanded_Benchmark,normal,-0.8,-0.84,0.974,0,57,F
BM_00501,benchmark_normal_00501.png,normal,MultiCohort_Expanded_Benchmark,normal,-0.25,-0.29,1.04,0,87,F
BM_00502,benchmark_normal_00502.png,normal,MultiCohort_Expanded_Benchmark,normal,1.49,1.13,1.249,0,64,F
BM_00503,benchmark_normal_00503.png,normal,MultiCohort_Expanded_Benchmark,normal,1.2,0.87,1.214,0,68,M
BM_00504,benchmark_normal_00504.png,normal,MultiCohort_Expanded_Benchmark,normal,1.59,2.15,1.261,0,65,M
BM_00505,benchmark_normal_00505.png,normal,MultiCohort_Expanded_Benchmark,normal,1.14,1.74,1.207,0,47,F
BM_00506,benchmark_normal_00506.png,normal,MultiCohort_Expanded_Benchmark,normal,-0.56,-0.11,1.003,0,77,F
BM_00507,benchmark_normal_00507.png,normal,MultiCohort_Expanded_Benchmark,normal,1.59,1.41,1.261,0,42,F
BM_00508,benchmark_normal_00508.png,normal,MultiCohort_Expanded_Benchmark,normal,-0.52,0.05,1.008,0,54,F
BM_00509,benchmark_normal_00509.png,normal,MultiCohort_Expanded_Benchmark,normal,0.72,0.93,1.156,0,68,F
BM_00510,benchmark_normal_00510.png,normal,MultiCohort_Expanded_Benchmark,normal,1.57,2.04,1.258,0,84,F
BM_00511,benchmark_normal_00511.png,normal,MultiCohort_Expanded_Benchmark,normal,-0.81,-0.35,0.973,0,46,F
BM_00512,benchmark_normal_00512.png,normal,MultiCohort_Expanded_Benchmark,normal,0.1,0.52,1.082,0,49,F
BM_00513,benchmark_normal_00513.png,normal,MultiCohort_Expanded_Benchmark,normal,0.4,0.02,1.118,0,65,F
BM_00514,benchmark_normal_00514.png,normal,MultiCohort_Expanded_Benchmark,normal,-0.12,-0.1,1.056,0,45,F
BM_00515,benchmark_normal_00515.png,normal,MultiCohort_Expanded_Benchmark,normal,-0.44,0.02,1.017,0,54,F
BM_00516,benchmark_normal_00516.png,normal,MultiCohort_Expanded_Benchmark,normal,-0.18,0.27,1.048,0,55,F
BM_00517,benchmark_normal_00517.png,normal,MultiCohort_Expanded_Benchmark,normal,-0.68,-1.03,0.988,0,67,F
BM_00518,benchmark_normal_00518.png,normal,MultiCohort_Expanded_Benchmark,normal,-0.82,-1.11,0.972,0,70,F
BM_00519,benchmark_normal_00519.png,normal,MultiCohort_Expanded_Benchmark,normal,1.79,1.99,1.285,0,44,M
BM_00520,benchmark_normal_00520.png,normal,MultiCohort_Expanded_Benchmark,normal,-0.35,0.16,1.028,0,42,F
BM_00521,benchmark_normal_00521.png,normal,MultiCohort_Expanded_Benchmark,normal,1.7,1.48,1.274,0,47,F
BM_00522,benchmark_normal_00522.png,normal,MultiCohort_Expanded_Benchmark,normal,1.59,1.41,1.261,0,40,F
BM_00523,benchmark_normal_00523.png,normal,MultiCohort_Expanded_Benchmark,normal,-0.15,-0.12,1.052,0,84,F
BM_00524,benchmark_normal_00524.png,normal,MultiCohort_Expanded_Benchmark,normal,1.1,0.82,1.202,0,71,F
BM_00525,benchmark_normal_00525.png,normal,MultiCohort_Expanded_Benchmark,normal,1.63,2.01,1.266,0,80,F
BM_00526,benchmark_normal_00526.png,normal,MultiCohort_Expanded_Benchmark,normal,1.61,1.28,1.263,0,73,F
BM_00527,benchmark_normal_00527.png,normal,MultiCohort_Expanded_Benchmark,normal,1.75,1.41,1.28,0,47,F
BM_00528,benchmark_osteopenia_00528.png,osteopenia,MultiCohort_Expanded_Benchmark,osteopenia,-1.64,-1.16,0.862,0,84,M
BM_00529,benchmark_osteopenia_00529.png,osteopenia,MultiCohort_Expanded_Benchmark,osteopenia,-2.16,-2.31,0.794,0,70,F
BM_00530,benchmark_osteopenia_00530.png,osteopenia,MultiCohort_Expanded_Benchmark,osteopenia,-2.2,-2.11,0.789,0,47,F
BM_00531,benchmark_osteopenia_00531.png,osteopenia,MultiCohort_Expanded_Benchmark,osteopenia,-1.18,-1.27,0.922,0,57,F
BM_00532,benchmark_osteopenia_00532.png,osteopenia,MultiCohort_Expanded_Benchmark,osteopenia,-2.22,-1.8,0.786,0,70,F
BM_00533,benchmark_osteopenia_00533.png,osteopenia,MultiCohort_Expanded_Benchmark,osteopenia,-1.38,-0.79,0.896,0,71,F
BM_00534,benchmark_osteopenia_00534.png,osteopenia,MultiCohort_Expanded_Benchmark,osteopenia,-1.8,-1.39,0.841,0,71,M
BM_00535,benchmark_osteopenia_00535.png,osteopenia,MultiCohort_Expanded_Benchmark,osteopenia,-1.36,-1.49,0.898,0,69,F
BM_00536,benchmark_osteopenia_00536.png,osteopenia,MultiCohort_Expanded_Benchmark,osteopenia,-2.05,-1.49,0.808,0,67,F
BM_00537,benchmark_osteopenia_00537.png,osteopenia,MultiCohort_Expanded_Benchmark,osteopenia,-1.3,-1.37,0.906,0,70,F
BM_00538,benchmark_osteopenia_00538.png,osteopenia,MultiCohort_Expanded_Benchmark,osteopenia,-1.99,-1.78,0.816,0,66,F
BM_00539,benchmark_osteopenia_00539.png,osteopenia,MultiCohort_Expanded_Benchmark,osteopenia,-1.22,-1.59,0.916,0,40,F
BM_00540,benchmark_osteopenia_00540.png,osteopenia,MultiCohort_Expanded_Benchmark,osteopenia,-1.85,-1.26,0.835,1,58,F
BM_00541,benchmark_osteopenia_00541.png,osteopenia,MultiCohort_Expanded_Benchmark,osteopenia,-1.4,-0.92,0.893,0,54,F
BM_00542,benchmark_osteopenia_00542.png,osteopenia,MultiCohort_Expanded_Benchmark,osteopenia,-1.35,-1.32,0.899,0,40,F
BM_00543,benchmark_osteopenia_00543.png,osteopenia,MultiCohort_Expanded_Benchmark,osteopenia,-1.98,-1.55,0.818,0,44,F
BM_00544,benchmark_osteopenia_00544.png,osteopenia,MultiCohort_Expanded_Benchmark,osteopenia,-1.39,-1.18,0.894,1,45,F
BM_00545,benchmark_osteopenia_00545.png,osteopenia,MultiCohort_Expanded_Benchmark,osteopenia,-1.1,-0.65,0.932,0,67,M
BM_00546,benchmark_osteopenia_00546.png,osteopenia,MultiCohort_Expanded_Benchmark,osteopenia,-1.1,-0.75,0.932,0,45,F
BM_00547,benchmark_osteopenia_00547.png,osteopenia,MultiCohort_Expanded_Benchmark,osteopenia,-1.96,-2.16,0.82,1,64,F
BM_00548,benchmark_osteopenia_00548.png,osteopenia,MultiCohort_Expanded_Benchmark,osteopenia,-2.33,-2.23,0.772,1,55,M
BM_00549,benchmark_osteopenia_00549.png,osteopenia,MultiCohort_Expanded_Benchmark,osteopenia,-2.06,-1.62,0.807,0,78,F
BM_00550,benchmark_osteopenia_00550.png,osteopenia,MultiCohort_Expanded_Benchmark,osteopenia,-2.19,-2.0,0.79,0,46,F
BM_00551,benchmark_osteopenia_00551.png,osteopenia,MultiCohort_Expanded_Benchmark,osteopenia,-1.37,-1.05,0.897,0,58,F
BM_00552,benchmark_osteopenia_00552.png,osteopenia,MultiCohort_Expanded_Benchmark,osteopenia,-1.32,-1.3,0.903,0,66,F
BM_00553,benchmark_osteopenia_00553.png,osteopenia,MultiCohort_Expanded_Benchmark,osteopenia,-1.81,-1.38,0.84,0,45,F
BM_00554,benchmark_osteopenia_00554.png,osteopenia,MultiCohort_Expanded_Benchmark,osteopenia,-1.97,-1.41,0.819,0,68,F
BM_00555,benchmark_osteopenia_00555.png,osteopenia,MultiCohort_Expanded_Benchmark,osteopenia,-1.22,-1.35,0.916,0,71,M
BM_00556,benchmark_osteopenia_00556.png,osteopenia,MultiCohort_Expanded_Benchmark,osteopenia,-1.49,-1.13,0.881,0,83,M
BM_00557,benchmark_osteopenia_00557.png,osteopenia,MultiCohort_Expanded_Benchmark,osteopenia,-1.77,-1.38,0.845,1,40,F
BM_00558,benchmark_osteopenia_00558.png,osteopenia,MultiCohort_Expanded_Benchmark,osteopenia,-1.17,-1.15,0.923,0,40,F
BM_00559,benchmark_osteopenia_00559.png,osteopenia,MultiCohort_Expanded_Benchmark,osteopenia,-1.06,-1.0,0.937,0,70,F
BM_00560,benchmark_osteopenia_00560.png,osteopenia,MultiCohort_Expanded_Benchmark,osteopenia,-1.85,-1.37,0.835,0,43,F
BM_00561,benchmark_osteopenia_00561.png,osteopenia,MultiCohort_Expanded_Benchmark,osteopenia,-1.58,-1.92,0.87,0,81,F
BM_00562,benchmark_osteopenia_00562.png,osteopenia,MultiCohort_Expanded_Benchmark,osteopenia,-1.37,-1.71,0.897,0,61,F
BM_00563,benchmark_osteopenia_00563.png,osteopenia,MultiCohort_Expanded_Benchmark,osteopenia,-1.6,-1.74,0.867,0,54,M
BM_00564,benchmark_osteopenia_00564.png,osteopenia,MultiCohort_Expanded_Benchmark,osteopenia,-2.08,-1.86,0.805,0,61,M
BM_00565,benchmark_osteopenia_00565.png,osteopenia,MultiCohort_Expanded_Benchmark,osteopenia,-1.1,-1.28,0.932,0,62,M
BM_00566,benchmark_osteopenia_00566.png,osteopenia,MultiCohort_Expanded_Benchmark,osteopenia,-1.72,-1.79,0.851,0,69,F
BM_00567,benchmark_osteopenia_00567.png,osteopenia,MultiCohort_Expanded_Benchmark,osteopenia,-1.14,-0.64,0.927,0,82,F
BM_00568,benchmark_osteopenia_00568.png,osteopenia,MultiCohort_Expanded_Benchmark,osteopenia,-1.1,-0.65,0.932,0,60,F
BM_00569,benchmark_osteopenia_00569.png,osteopenia,MultiCohort_Expanded_Benchmark,osteopenia,-1.74,-1.76,0.849,0,40,F
BM_00570,benchmark_osteopenia_00570.png,osteopenia,MultiCohort_Expanded_Benchmark,osteopenia,-1.46,-1.09,0.885,0,70,F
BM_00571,benchmark_osteopenia_00571.png,osteopenia,MultiCohort_Expanded_Benchmark,osteopenia,-2.02,-1.86,0.812,0,43,F
BM_00572,benchmark_osteopenia_00572.png,osteopenia,MultiCohort_Expanded_Benchmark,osteopenia,-1.58,-1.55,0.87,0,59,F
BM_00573,benchmark_osteopenia_00573.png,osteopenia,MultiCohort_Expanded_Benchmark,osteopenia,-1.68,-1.11,0.857,0,70,F
BM_00574,benchmark_osteopenia_00574.png,osteopenia,MultiCohort_Expanded_Benchmark,osteopenia,-1.86,-2.25,0.833,0,87,F
BM_00575,benchmark_osteopenia_00575.png,osteopenia,MultiCohort_Expanded_Benchmark,osteopenia,-1.91,-1.51,0.827,0,75,F
BM_00576,benchmark_osteopenia_00576.png,osteopenia,MultiCohort_Expanded_Benchmark,osteopenia,-1.11,-0.64,0.931,0,80,F
BM_00577,benchmark_osteopenia_00577.png,osteopenia,MultiCohort_Expanded_Benchmark,osteopenia,-2.22,-2.16,0.786,0,47,F
BM_00578,benchmark_osteopenia_00578.png,osteopenia,MultiCohort_Expanded_Benchmark,osteopenia,-2.05,-1.59,0.808,0,61,F
BM_00579,benchmark_osteopenia_00579.png,osteopenia,MultiCohort_Expanded_Benchmark,osteopenia,-1.31,-1.01,0.905,0,54,M
BM_00580,benchmark_osteopenia_00580.png,osteopenia,MultiCohort_Expanded_Benchmark,osteopenia,-1.93,-1.93,0.824,0,55,F
BM_00581,benchmark_osteopenia_00581.png,osteopenia,MultiCohort_Expanded_Benchmark,osteopenia,-2.44,-2.19,0.758,0,59,M
BM_00582,benchmark_osteopenia_00582.png,osteopenia,MultiCohort_Expanded_Benchmark,osteopenia,-2.21,-1.68,0.788,0,84,F
BM_00583,benchmark_osteopenia_00583.png,osteopenia,MultiCohort_Expanded_Benchmark,osteopenia,-2.24,-2.19,0.784,0,47,F
BM_00584,benchmark_osteopenia_00584.png,osteopenia,MultiCohort_Expanded_Benchmark,osteopenia,-1.6,-1.67,0.867,0,77,M
BM_00585,benchmark_osteopenia_00585.png,osteopenia,MultiCohort_Expanded_Benchmark,osteopenia,-1.39,-0.92,0.894,1,73,F
BM_00586,benchmark_osteopenia_00586.png,osteopenia,MultiCohort_Expanded_Benchmark,osteopenia,-2.14,-1.55,0.797,0,63,F
BM_00587,benchmark_osteopenia_00587.png,osteopenia,MultiCohort_Expanded_Benchmark,osteopenia,-2.11,-1.72,0.801,0,51,F
BM_00588,benchmark_osteopenia_00588.png,osteopenia,MultiCohort_Expanded_Benchmark,osteopenia,-2.1,-2.41,0.802,0,61,F
BM_00589,benchmark_osteopenia_00589.png,osteopenia,MultiCohort_Expanded_Benchmark,osteopenia,-2.07,-1.76,0.806,0,45,F
BM_00590,benchmark_osteopenia_00590.png,osteopenia,MultiCohort_Expanded_Benchmark,osteopenia,-1.94,-2.31,0.823,0,80,M
BM_00591,benchmark_osteopenia_00591.png,osteopenia,MultiCohort_Expanded_Benchmark,osteopenia,-1.42,-1.51,0.89,0,63,F
BM_00592,benchmark_osteopenia_00592.png,osteopenia,MultiCohort_Expanded_Benchmark,osteopenia,-2.38,-1.79,0.766,1,82,M
BM_00593,benchmark_osteopenia_00593.png,osteopenia,MultiCohort_Expanded_Benchmark,osteopenia,-1.11,-1.34,0.931,1,46,M
BM_00594,benchmark_osteopenia_00594.png,osteopenia,MultiCohort_Expanded_Benchmark,osteopenia,-1.19,-1.15,0.92,0,51,F
BM_00595,benchmark_osteopenia_00595.png,osteopenia,MultiCohort_Expanded_Benchmark,osteopenia,-1.5,-1.78,0.88,1,53,F
BM_00596,benchmark_osteopenia_00596.png,osteopenia,MultiCohort_Expanded_Benchmark,osteopenia,-2.18,-1.85,0.792,0,56,F
BM_00597,benchmark_osteopenia_00597.png,osteopenia,MultiCohort_Expanded_Benchmark,osteopenia,-1.39,-1.78,0.894,0,52,F
BM_00598,benchmark_osteopenia_00598.png,osteopenia,MultiCohort_Expanded_Benchmark,osteopenia,-1.62,-1.76,0.864,0,81,F
BM_00599,benchmark_osteopenia_00599.png,osteopenia,MultiCohort_Expanded_Benchmark,osteopenia,-1.54,-1.41,0.875,0,40,F
BM_00600,benchmark_osteopenia_00600.png,osteopenia,MultiCohort_Expanded_Benchmark,osteopenia,-2.34,-2.06,0.771,0,64,F
BM_00601,benchmark_osteopenia_00601.png,osteopenia,MultiCohort_Expanded_Benchmark,osteopenia,-2.34,-2.43,0.771,0,57,F
BM_00602,benchmark_osteopenia_00602.png,osteopenia,MultiCohort_Expanded_Benchmark,osteopenia,-1.24,-1.55,0.914,0,43,F
BM_00603,benchmark_osteopenia_00603.png,osteopenia,MultiCohort_Expanded_Benchmark,osteopenia,-1.33,-1.11,0.902,1,65,F
BM_00604,benchmark_osteopenia_00604.png,osteopenia,MultiCohort_Expanded_Benchmark,osteopenia,-1.84,-1.89,0.836,0,82,M
BM_00605,benchmark_osteopenia_00605.png,osteopenia,MultiCohort_Expanded_Benchmark,osteopenia,-1.39,-1.09,0.894,0,52,F
BM_00606,benchmark_osteopenia_00606.png,osteopenia,MultiCohort_Expanded_Benchmark,osteopenia,-2.26,-2.3,0.781,0,88,M
BM_00607,benchmark_osteopenia_00607.png,osteopenia,MultiCohort_Expanded_Benchmark,osteopenia,-1.68,-1.35,0.857,0,40,M
BM_00608,benchmark_osteopenia_00608.png,osteopenia,MultiCohort_Expanded_Benchmark,osteopenia,-1.11,-0.79,0.931,0,72,F
BM_00609,benchmark_osteopenia_00609.png,osteopenia,MultiCohort_Expanded_Benchmark,osteopenia,-1.9,-1.97,0.828,0,76,F
BM_00610,benchmark_osteopenia_00610.png,osteopenia,MultiCohort_Expanded_Benchmark,osteopenia,-2.1,-1.54,0.802,0,67,F
BM_00611,benchmark_osteopenia_00611.png,osteopenia,MultiCohort_Expanded_Benchmark,osteopenia,-2.01,-2.3,0.814,0,70,M
BM_00612,benchmark_osteopenia_00612.png,osteopenia,MultiCohort_Expanded_Benchmark,osteopenia,-2.05,-2.13,0.808,0,60,F
BM_00613,benchmark_osteopenia_00613.png,osteopenia,MultiCohort_Expanded_Benchmark,osteopenia,-1.71,-1.43,0.853,0,45,F
BM_00614,benchmark_osteopenia_00614.png,osteopenia,MultiCohort_Expanded_Benchmark,osteopenia,-1.68,-1.3,0.857,0,49,F
BM_00615,benchmark_osteopenia_00615.png,osteopenia,MultiCohort_Expanded_Benchmark,osteopenia,-1.44,-1.33,0.888,0,70,M
BM_00616,benchmark_osteopenia_00616.png,osteopenia,MultiCohort_Expanded_Benchmark,osteopenia,-1.34,-1.32,0.901,1,80,F
BM_00617,benchmark_osteopenia_00617.png,osteopenia,MultiCohort_Expanded_Benchmark,osteopenia,-2.01,-1.65,0.814,0,79,F
BM_00618,benchmark_osteopenia_00618.png,osteopenia,MultiCohort_Expanded_Benchmark,osteopenia,-2.31,-2.35,0.775,0,57,M
BM_00619,benchmark_osteopenia_00619.png,osteopenia,MultiCohort_Expanded_Benchmark,osteopenia,-1.41,-1.7,0.892,0,70,F
BM_00620,benchmark_osteopenia_00620.png,osteopenia,MultiCohort_Expanded_Benchmark,osteopenia,-1.77,-1.61,0.845,0,78,M
BM_00621,benchmark_osteopenia_00621.png,osteopenia,MultiCohort_Expanded_Benchmark,osteopenia,-1.92,-1.4,0.825,0,54,F
BM_00622,benchmark_osteopenia_00622.png,osteopenia,MultiCohort_Expanded_Benchmark,osteopenia,-1.38,-1.05,0.896,0,47,F
BM_00623,benchmark_osteopenia_00623.png,osteopenia,MultiCohort_Expanded_Benchmark,osteopenia,-1.91,-1.41,0.827,0,71,F
BM_00624,benchmark_osteopenia_00624.png,osteopenia,MultiCohort_Expanded_Benchmark,osteopenia,-2.01,-1.86,0.814,0,75,F
BM_00625,benchmark_osteopenia_00625.png,osteopenia,MultiCohort_Expanded_Benchmark,osteopenia,-1.53,-1.07,0.876,1,49,M
BM_00626,benchmark_osteopenia_00626.png,osteopenia,MultiCohort_Expanded_Benchmark,osteopenia,-1.22,-1.02,0.916,0,43,F
BM_00627,benchmark_osteopenia_00627.png,osteopenia,MultiCohort_Expanded_Benchmark,osteopenia,-1.98,-1.55,0.818,0,78,M
BM_00628,benchmark_osteopenia_00628.png,osteopenia,MultiCohort_Expanded_Benchmark,osteopenia,-1.81,-1.46,0.84,0,65,M
BM_00629,benchmark_osteopenia_00629.png,osteopenia,MultiCohort_Expanded_Benchmark,osteopenia,-1.3,-0.73,0.906,0,72,F
BM_00630,benchmark_osteopenia_00630.png,osteopenia,MultiCohort_Expanded_Benchmark,osteopenia,-1.66,-1.45,0.859,0,88,F
BM_00631,benchmark_osteopenia_00631.png,osteopenia,MultiCohort_Expanded_Benchmark,osteopenia,-1.24,-1.45,0.914,0,67,F
BM_00632,benchmark_osteopenia_00632.png,osteopenia,MultiCohort_Expanded_Benchmark,osteopenia,-1.19,-0.87,0.92,0,45,F
BM_00633,benchmark_osteopenia_00633.png,osteopenia,MultiCohort_Expanded_Benchmark,osteopenia,-1.94,-1.43,0.823,0,50,F
BM_00634,benchmark_osteopenia_00634.png,osteopenia,MultiCohort_Expanded_Benchmark,osteopenia,-1.52,-1.49,0.877,0,42,M
BM_00635,benchmark_osteopenia_00635.png,osteopenia,MultiCohort_Expanded_Benchmark,osteopenia,-1.75,-1.4,0.848,0,80,M
BM_00636,benchmark_osteopenia_00636.png,osteopenia,MultiCohort_Expanded_Benchmark,osteopenia,-2.04,-1.76,0.81,1,80,M
BM_00637,benchmark_osteopenia_00637.png,osteopenia,MultiCohort_Expanded_Benchmark,osteopenia,-2.01,-2.27,0.814,0,74,F
BM_00638,benchmark_osteopenia_00638.png,osteopenia,MultiCohort_Expanded_Benchmark,osteopenia,-1.29,-1.53,0.907,0,64,F
BM_00639,benchmark_osteopenia_00639.png,osteopenia,MultiCohort_Expanded_Benchmark,osteopenia,-2.07,-1.87,0.806,0,75,F
BM_00640,benchmark_osteopenia_00640.png,osteopenia,MultiCohort_Expanded_Benchmark,osteopenia,-2.07,-1.78,0.806,0,87,F
BM_00641,benchmark_osteopenia_00641.png,osteopenia,MultiCohort_Expanded_Benchmark,osteopenia,-1.5,-1.37,0.88,0,87,F
BM_00642,benchmark_osteopenia_00642.png,osteopenia,MultiCohort_Expanded_Benchmark,osteopenia,-1.34,-1.34,0.901,0,79,F
BM_00643,benchmark_osteopenia_00643.png,osteopenia,MultiCohort_Expanded_Benchmark,osteopenia,-1.93,-1.79,0.824,0,67,M
BM_00644,benchmark_osteopenia_00644.png,osteopenia,MultiCohort_Expanded_Benchmark,osteopenia,-1.76,-1.65,0.846,1,85,F
BM_00645,benchmark_osteopenia_00645.png,osteopenia,MultiCohort_Expanded_Benchmark,osteopenia,-1.22,-1.14,0.916,0,67,F
BM_00646,benchmark_osteopenia_00646.png,osteopenia,MultiCohort_Expanded_Benchmark,osteopenia,-1.36,-0.9,0.898,1,88,F
BM_00647,benchmark_osteopenia_00647.png,osteopenia,MultiCohort_Expanded_Benchmark,osteopenia,-1.33,-1.29,0.902,0,85,F
BM_00648,benchmark_osteopenia_00648.png,osteopenia,MultiCohort_Expanded_Benchmark,osteopenia,-2.4,-2.45,0.763,0,67,F
BM_00649,benchmark_osteopenia_00649.png,osteopenia,MultiCohort_Expanded_Benchmark,osteopenia,-2.07,-2.24,0.806,0,53,M
BM_00650,benchmark_osteopenia_00650.png,osteopenia,MultiCohort_Expanded_Benchmark,osteopenia,-1.3,-0.73,0.906,0,70,F
BM_00651,benchmark_osteopenia_00651.png,osteopenia,MultiCohort_Expanded_Benchmark,osteopenia,-1.65,-1.8,0.861,0,51,F
BM_00652,benchmark_osteopenia_00652.png,osteopenia,MultiCohort_Expanded_Benchmark,osteopenia,-1.22,-1.35,0.916,0,66,F
BM_00653,benchmark_osteopenia_00653.png,osteopenia,MultiCohort_Expanded_Benchmark,osteopenia,-1.74,-1.73,0.849,0,71,F
BM_00654,benchmark_osteopenia_00654.png,osteopenia,MultiCohort_Expanded_Benchmark,osteopenia,-1.35,-0.97,0.899,0,44,F
BM_00655,benchmark_osteopenia_00655.png,osteopenia,MultiCohort_Expanded_Benchmark,osteopenia,-1.08,-0.51,0.935,0,85,F
BM_00656,benchmark_osteopenia_00656.png,osteopenia,MultiCohort_Expanded_Benchmark,osteopenia,-1.23,-0.8,0.915,0,60,F
BM_00657,benchmark_osteopenia_00657.png,osteopenia,MultiCohort_Expanded_Benchmark,osteopenia,-1.57,-0.98,0.871,0,72,M
BM_00658,benchmark_osteopenia_00658.png,osteopenia,MultiCohort_Expanded_Benchmark,osteopenia,-1.6,-1.15,0.867,0,49,F
BM_00659,benchmark_osteopenia_00659.png,osteopenia,MultiCohort_Expanded_Benchmark,osteopenia,-2.4,-1.9,0.763,0,84,F
BM_00660,benchmark_osteopenia_00660.png,osteopenia,MultiCohort_Expanded_Benchmark,osteopenia,-1.12,-1.04,0.929,1,80,F
BM_00661,benchmark_osteopenia_00661.png,osteopenia,MultiCohort_Expanded_Benchmark,osteopenia,-1.93,-2.24,0.824,0,40,M
BM_00662,benchmark_osteopenia_00662.png,osteopenia,MultiCohort_Expanded_Benchmark,osteopenia,-1.16,-1.55,0.924,1,40,F
BM_00663,benchmark_osteopenia_00663.png,osteopenia,MultiCohort_Expanded_Benchmark,osteopenia,-1.91,-1.57,0.827,0,76,F
BM_00664,benchmark_osteopenia_00664.png,osteopenia,MultiCohort_Expanded_Benchmark,osteopenia,-1.61,-1.92,0.866,0,40,F
BM_00665,benchmark_osteopenia_00665.png,osteopenia,MultiCohort_Expanded_Benchmark,osteopenia,-1.2,-0.75,0.919,0,62,M
BM_00666,benchmark_osteopenia_00666.png,osteopenia,MultiCohort_Expanded_Benchmark,osteopenia,-1.84,-1.69,0.836,0,48,M
BM_00667,benchmark_osteopenia_00667.png,osteopenia,MultiCohort_Expanded_Benchmark,osteopenia,-2.25,-1.74,0.782,0,49,F
BM_00668,benchmark_osteopenia_00668.png,osteopenia,MultiCohort_Expanded_Benchmark,osteopenia,-1.82,-1.67,0.838,0,88,F
BM_00669,benchmark_osteopenia_00669.png,osteopenia,MultiCohort_Expanded_Benchmark,osteopenia,-2.25,-1.81,0.782,0,74,F
BM_00670,benchmark_osteopenia_00670.png,osteopenia,MultiCohort_Expanded_Benchmark,osteopenia,-2.2,-1.79,0.789,0,76,F
BM_00671,benchmark_osteopenia_00671.png,osteopenia,MultiCohort_Expanded_Benchmark,osteopenia,-1.59,-1.03,0.868,0,75,F
BM_00672,benchmark_osteopenia_00672.png,osteopenia,MultiCohort_Expanded_Benchmark,osteopenia,-2.12,-1.69,0.799,0,49,F
BM_00673,benchmark_osteopenia_00673.png,osteopenia,MultiCohort_Expanded_Benchmark,osteopenia,-1.35,-1.61,0.899,0,68,M
BM_00674,benchmark_osteopenia_00674.png,osteopenia,MultiCohort_Expanded_Benchmark,osteopenia,-1.08,-1.04,0.935,0,48,F
BM_00675,benchmark_osteopenia_00675.png,osteopenia,MultiCohort_Expanded_Benchmark,osteopenia,-1.55,-1.35,0.873,0,75,F
BM_00676,benchmark_osteopenia_00676.png,osteopenia,MultiCohort_Expanded_Benchmark,osteopenia,-1.62,-1.52,0.864,0,50,M
BM_00677,benchmark_osteopenia_00677.png,osteopenia,MultiCohort_Expanded_Benchmark,osteopenia,-1.47,-0.88,0.884,1,57,F
BM_00678,benchmark_osteopenia_00678.png,osteopenia,MultiCohort_Expanded_Benchmark,osteopenia,-2.04,-1.72,0.81,0,87,F
BM_00679,benchmark_osteopenia_00679.png,osteopenia,MultiCohort_Expanded_Benchmark,osteopenia,-2.11,-2.08,0.801,1,49,M
BM_00680,benchmark_osteopenia_00680.png,osteopenia,MultiCohort_Expanded_Benchmark,osteopenia,-1.08,-1.3,0.935,0,56,F
BM_00681,benchmark_osteopenia_00681.png,osteopenia,MultiCohort_Expanded_Benchmark,osteopenia,-1.91,-1.73,0.827,0,86,F
BM_00682,benchmark_osteopenia_00682.png,osteopenia,MultiCohort_Expanded_Benchmark,osteopenia,-2.03,-2.09,0.811,1,42,M
BM_00683,benchmark_osteopenia_00683.png,osteopenia,MultiCohort_Expanded_Benchmark,osteopenia,-2.42,-2.15,0.76,0,48,M
BM_00684,benchmark_osteopenia_00684.png,osteopenia,MultiCohort_Expanded_Benchmark,osteopenia,-1.62,-1.27,0.864,0,78,M
BM_00685,benchmark_osteopenia_00685.png,osteopenia,MultiCohort_Expanded_Benchmark,osteopenia,-1.23,-1.34,0.915,0,54,F
BM_00686,benchmark_osteopenia_00686.png,osteopenia,MultiCohort_Expanded_Benchmark,osteopenia,-1.17,-0.94,0.923,0,57,F
BM_00687,benchmark_osteopenia_00687.png,osteopenia,MultiCohort_Expanded_Benchmark,osteopenia,-1.17,-0.67,0.923,0,72,M
BM_00688,benchmark_osteopenia_00688.png,osteopenia,MultiCohort_Expanded_Benchmark,osteopenia,-1.74,-1.59,0.849,0,40,F
BM_00689,benchmark_osteopenia_00689.png,osteopenia,MultiCohort_Expanded_Benchmark,osteopenia,-2.21,-1.87,0.788,0,62,F
BM_00690,benchmark_osteopenia_00690.png,osteopenia,MultiCohort_Expanded_Benchmark,osteopenia,-1.22,-0.86,0.916,0,66,F
BM_00691,benchmark_osteopenia_00691.png,osteopenia,MultiCohort_Expanded_Benchmark,osteopenia,-2.16,-1.67,0.794,1,82,F
BM_00692,benchmark_osteopenia_00692.png,osteopenia,MultiCohort_Expanded_Benchmark,osteopenia,-1.19,-0.92,0.92,0,78,F
BM_00693,benchmark_osteopenia_00693.png,osteopenia,MultiCohort_Expanded_Benchmark,osteopenia,-2.09,-1.82,0.803,1,80,F
BM_00694,benchmark_osteopenia_00694.png,osteopenia,MultiCohort_Expanded_Benchmark,osteopenia,-1.42,-1.35,0.89,0,87,F
BM_00695,benchmark_osteopenia_00695.png,osteopenia,MultiCohort_Expanded_Benchmark,osteopenia,-2.11,-2.06,0.801,0,70,F
BM_00696,benchmark_osteopenia_00696.png,osteopenia,MultiCohort_Expanded_Benchmark,osteopenia,-2.01,-2.0,0.814,0,72,F
BM_00697,benchmark_osteopenia_00697.png,osteopenia,MultiCohort_Expanded_Benchmark,osteopenia,-1.07,-1.44,0.936,0,56,M
BM_00698,benchmark_osteopenia_00698.png,osteopenia,MultiCohort_Expanded_Benchmark,osteopenia,-1.49,-1.6,0.881,0,82,M
BM_00699,benchmark_osteopenia_00699.png,osteopenia,MultiCohort_Expanded_Benchmark,osteopenia,-1.25,-1.32,0.912,0,81,F
BM_00700,benchmark_osteopenia_00700.png,osteopenia,MultiCohort_Expanded_Benchmark,osteopenia,-2.18,-2.1,0.792,0,83,F
BM_00701,benchmark_osteopenia_00701.png,osteopenia,MultiCohort_Expanded_Benchmark,osteopenia,-1.37,-1.43,0.897,0,40,M
BM_00702,benchmark_osteopenia_00702.png,osteopenia,MultiCohort_Expanded_Benchmark,osteopenia,-1.45,-1.71,0.887,0,40,F
BM_00703,benchmark_osteopenia_00703.png,osteopenia,MultiCohort_Expanded_Benchmark,osteopenia,-2.01,-1.47,0.814,0,66,F
BM_00704,benchmark_osteopenia_00704.png,osteopenia,MultiCohort_Expanded_Benchmark,osteopenia,-2.07,-1.94,0.806,0,72,M
BM_00705,benchmark_osteopenia_00705.png,osteopenia,MultiCohort_Expanded_Benchmark,osteopenia,-1.77,-2.16,0.845,0,57,F
BM_00706,benchmark_osteopenia_00706.png,osteopenia,MultiCohort_Expanded_Benchmark,osteopenia,-1.69,-2.01,0.855,0,69,F
BM_00707,benchmark_osteopenia_00707.png,osteopenia,MultiCohort_Expanded_Benchmark,osteopenia,-2.28,-1.76,0.779,0,40,F
BM_00708,benchmark_osteopenia_00708.png,osteopenia,MultiCohort_Expanded_Benchmark,osteopenia,-1.16,-1.2,0.924,0,48,F
BM_00709,benchmark_osteopenia_00709.png,osteopenia,MultiCohort_Expanded_Benchmark,osteopenia,-2.0,-2.1,0.815,0,65,F
BM_00710,benchmark_osteopenia_00710.png,osteopenia,MultiCohort_Expanded_Benchmark,osteopenia,-1.96,-2.12,0.82,0,77,F
BM_00711,benchmark_osteopenia_00711.png,osteopenia,MultiCohort_Expanded_Benchmark,osteopenia,-1.74,-1.27,0.849,1,60,F
BM_00712,benchmark_osteopenia_00712.png,osteopenia,MultiCohort_Expanded_Benchmark,osteopenia,-1.41,-1.09,0.892,0,73,M
BM_00713,benchmark_osteopenia_00713.png,osteopenia,MultiCohort_Expanded_Benchmark,osteopenia,-1.35,-0.86,0.899,0,49,F
BM_00714,benchmark_osteopenia_00714.png,osteopenia,MultiCohort_Expanded_Benchmark,osteopenia,-1.57,-1.23,0.871,0,85,F
BM_00715,benchmark_osteopenia_00715.png,osteopenia,MultiCohort_Expanded_Benchmark,osteopenia,-1.38,-1.07,0.896,0,50,F
BM_00716,benchmark_osteopenia_00716.png,osteopenia,MultiCohort_Expanded_Benchmark,osteopenia,-1.54,-1.88,0.875,0,57,F
BM_00717,benchmark_osteopenia_00717.png,osteopenia,MultiCohort_Expanded_Benchmark,osteopenia,-2.39,-2.51,0.764,0,75,F
BM_00718,benchmark_osteopenia_00718.png,osteopenia,MultiCohort_Expanded_Benchmark,osteopenia,-2.36,-2.65,0.768,0,57,F
BM_00719,benchmark_osteopenia_00719.png,osteopenia,MultiCohort_Expanded_Benchmark,osteopenia,-1.48,-0.89,0.883,0,58,F
BM_00720,benchmark_osteopenia_00720.png,osteopenia,MultiCohort_Expanded_Benchmark,osteopenia,-1.16,-0.88,0.924,0,83,F
BM_00721,benchmark_osteopenia_00721.png,osteopenia,MultiCohort_Expanded_Benchmark,osteopenia,-2.06,-2.36,0.807,0,73,F
BM_00722,benchmark_osteopenia_00722.png,osteopenia,MultiCohort_Expanded_Benchmark,osteopenia,-1.45,-1.48,0.887,0,69,M
BM_00723,benchmark_osteopenia_00723.png,osteopenia,MultiCohort_Expanded_Benchmark,osteopenia,-1.11,-0.51,0.931,0,62,M
BM_00724,benchmark_osteopenia_00724.png,osteopenia,MultiCohort_Expanded_Benchmark,osteopenia,-1.73,-1.73,0.85,0,55,F
BM_00725,benchmark_osteopenia_00725.png,osteopenia,MultiCohort_Expanded_Benchmark,osteopenia,-2.35,-1.93,0.769,0,82,F
BM_00726,benchmark_osteopenia_00726.png,osteopenia,MultiCohort_Expanded_Benchmark,osteopenia,-1.3,-1.56,0.906,0,77,F
BM_00727,benchmark_osteopenia_00727.png,osteopenia,MultiCohort_Expanded_Benchmark,osteopenia,-1.09,-1.07,0.933,0,51,F
BM_00728,benchmark_osteopenia_00728.png,osteopenia,MultiCohort_Expanded_Benchmark,osteopenia,-2.06,-2.3,0.807,0,83,M
BM_00729,benchmark_osteopenia_00729.png,osteopenia,MultiCohort_Expanded_Benchmark,osteopenia,-1.33,-0.84,0.902,0,80,F
BM_00730,benchmark_osteopenia_00730.png,osteopenia,MultiCohort_Expanded_Benchmark,osteopenia,-1.31,-1.3,0.905,0,84,F
BM_00731,benchmark_osteopenia_00731.png,osteopenia,MultiCohort_Expanded_Benchmark,osteopenia,-1.75,-1.87,0.848,1,70,F
BM_00732,benchmark_osteopenia_00732.png,osteopenia,MultiCohort_Expanded_Benchmark,osteopenia,-2.03,-1.88,0.811,0,48,F
BM_00733,benchmark_osteopenia_00733.png,osteopenia,MultiCohort_Expanded_Benchmark,osteopenia,-1.08,-1.06,0.935,0,48,F
BM_00734,benchmark_osteopenia_00734.png,osteopenia,MultiCohort_Expanded_Benchmark,osteopenia,-2.34,-1.96,0.771,0,52,M
BM_00735,benchmark_osteopenia_00735.png,osteopenia,MultiCohort_Expanded_Benchmark,osteopenia,-1.43,-0.85,0.889,1,63,F
BM_00736,benchmark_osteopenia_00736.png,osteopenia,MultiCohort_Expanded_Benchmark,osteopenia,-1.62,-1.14,0.864,1,59,F
BM_00737,benchmark_osteopenia_00737.png,osteopenia,MultiCohort_Expanded_Benchmark,osteopenia,-1.59,-1.85,0.868,0,87,F
BM_00738,benchmark_osteopenia_00738.png,osteopenia,MultiCohort_Expanded_Benchmark,osteopenia,-1.37,-1.01,0.897,0,87,F
BM_00739,benchmark_osteopenia_00739.png,osteopenia,MultiCohort_Expanded_Benchmark,osteopenia,-1.23,-1.24,0.915,0,66,F
BM_00740,benchmark_osteopenia_00740.png,osteopenia,MultiCohort_Expanded_Benchmark,osteopenia,-1.9,-1.64,0.828,0,69,F
BM_00741,benchmark_osteopenia_00741.png,osteopenia,MultiCohort_Expanded_Benchmark,osteopenia,-2.25,-2.52,0.782,0,64,F
BM_00742,benchmark_osteopenia_00742.png,osteopenia,MultiCohort_Expanded_Benchmark,osteopenia,-1.62,-1.75,0.864,0,45,F
BM_00743,benchmark_osteopenia_00743.png,osteopenia,MultiCohort_Expanded_Benchmark,osteopenia,-1.54,-1.25,0.875,0,76,F
BM_00744,benchmark_osteopenia_00744.png,osteopenia,MultiCohort_Expanded_Benchmark,osteopenia,-2.44,-2.15,0.758,0,85,M
BM_00745,benchmark_osteopenia_00745.png,osteopenia,MultiCohort_Expanded_Benchmark,osteopenia,-2.13,-1.93,0.798,0,72,M
BM_00746,benchmark_osteopenia_00746.png,osteopenia,MultiCohort_Expanded_Benchmark,osteopenia,-1.31,-1.3,0.905,0,54,M
BM_00747,benchmark_osteopenia_00747.png,osteopenia,MultiCohort_Expanded_Benchmark,osteopenia,-2.17,-1.73,0.793,0,75,F
BM_00748,benchmark_osteopenia_00748.png,osteopenia,MultiCohort_Expanded_Benchmark,osteopenia,-2.15,-2.42,0.795,0,53,F
BM_00749,benchmark_osteopenia_00749.png,osteopenia,MultiCohort_Expanded_Benchmark,osteopenia,-2.27,-2.58,0.78,0,67,F
BM_00750,benchmark_osteopenia_00750.png,osteopenia,MultiCohort_Expanded_Benchmark,osteopenia,-2.28,-1.87,0.779,0,65,F
BM_00751,benchmark_osteopenia_00751.png,osteopenia,MultiCohort_Expanded_Benchmark,osteopenia,-1.09,-1.21,0.933,1,61,M
BM_00752,benchmark_osteopenia_00752.png,osteopenia,MultiCohort_Expanded_Benchmark,osteopenia,-1.41,-1.64,0.892,0,71,F
BM_00753,benchmark_osteopenia_00753.png,osteopenia,MultiCohort_Expanded_Benchmark,osteopenia,-1.84,-1.61,0.836,0,76,F
BM_00754,benchmark_osteopenia_00754.png,osteopenia,MultiCohort_Expanded_Benchmark,osteopenia,-1.68,-1.42,0.857,0,59,F
BM_00755,benchmark_osteopenia_00755.png,osteopenia,MultiCohort_Expanded_Benchmark,osteopenia,-1.95,-1.37,0.822,1,64,F
BM_00756,benchmark_osteopenia_00756.png,osteopenia,MultiCohort_Expanded_Benchmark,osteopenia,-2.02,-2.09,0.812,0,56,M
BM_00757,benchmark_osteopenia_00757.png,osteopenia,MultiCohort_Expanded_Benchmark,osteopenia,-2.06,-1.97,0.807,0,52,F
BM_00758,benchmark_osteopenia_00758.png,osteopenia,MultiCohort_Expanded_Benchmark,osteopenia,-2.23,-1.86,0.785,0,80,M
BM_00759,benchmark_osteopenia_00759.png,osteopenia,MultiCohort_Expanded_Benchmark,osteopenia,-2.28,-2.49,0.779,0,59,M
BM_00760,benchmark_osteopenia_00760.png,osteopenia,MultiCohort_Expanded_Benchmark,osteopenia,-1.4,-1.75,0.893,0,69,F
BM_00761,benchmark_osteopenia_00761.png,osteopenia,MultiCohort_Expanded_Benchmark,osteopenia,-2.35,-2.16,0.769,0,59,F
BM_00762,benchmark_osteopenia_00762.png,osteopenia,MultiCohort_Expanded_Benchmark,osteopenia,-1.53,-0.97,0.876,0,53,M
BM_00763,benchmark_osteopenia_00763.png,osteopenia,MultiCohort_Expanded_Benchmark,osteopenia,-2.44,-2.42,0.758,0,56,F
BM_00764,benchmark_osteopenia_00764.png,osteopenia,MultiCohort_Expanded_Benchmark,osteopenia,-1.34,-1.16,0.901,0,53,F
BM_00765,benchmark_osteopenia_00765.png,osteopenia,MultiCohort_Expanded_Benchmark,osteopenia,-1.46,-1.52,0.885,1,82,F
BM_00766,benchmark_osteopenia_00766.png,osteopenia,MultiCohort_Expanded_Benchmark,osteopenia,-1.67,-1.51,0.858,0,70,F
BM_00767,benchmark_osteopenia_00767.png,osteopenia,MultiCohort_Expanded_Benchmark,osteopenia,-1.84,-2.04,0.836,0,68,F
BM_00768,benchmark_osteopenia_00768.png,osteopenia,MultiCohort_Expanded_Benchmark,osteopenia,-2.16,-2.08,0.794,0,81,F
BM_00769,benchmark_osteopenia_00769.png,osteopenia,MultiCohort_Expanded_Benchmark,osteopenia,-2.27,-2.64,0.78,0,84,F
BM_00770,benchmark_osteopenia_00770.png,osteopenia,MultiCohort_Expanded_Benchmark,osteopenia,-2.17,-1.71,0.793,0,79,F
BM_00771,benchmark_osteopenia_00771.png,osteopenia,MultiCohort_Expanded_Benchmark,osteopenia,-1.19,-1.02,0.92,0,55,F
BM_00772,benchmark_osteopenia_00772.png,osteopenia,MultiCohort_Expanded_Benchmark,osteopenia,-2.06,-1.91,0.807,0,41,F
BM_00773,benchmark_osteopenia_00773.png,osteopenia,MultiCohort_Expanded_Benchmark,osteopenia,-2.18,-2.31,0.792,0,46,F
BM_00774,benchmark_osteopenia_00774.png,osteopenia,MultiCohort_Expanded_Benchmark,osteopenia,-1.09,-1.49,0.933,0,87,F
BM_00775,benchmark_osteopenia_00775.png,osteopenia,MultiCohort_Expanded_Benchmark,osteopenia,-1.56,-1.88,0.872,0,77,F
BM_00776,benchmark_osteopenia_00776.png,osteopenia,MultiCohort_Expanded_Benchmark,osteopenia,-1.17,-1.33,0.923,1,53,F
BM_00777,benchmark_osteopenia_00777.png,osteopenia,MultiCohort_Expanded_Benchmark,osteopenia,-1.43,-1.14,0.889,0,83,F
BM_00778,benchmark_osteopenia_00778.png,osteopenia,MultiCohort_Expanded_Benchmark,osteopenia,-1.62,-1.71,0.864,0,85,F
BM_00779,benchmark_osteopenia_00779.png,osteopenia,MultiCohort_Expanded_Benchmark,osteopenia,-2.19,-2.36,0.79,0,85,F
BM_00780,benchmark_osteopenia_00780.png,osteopenia,MultiCohort_Expanded_Benchmark,osteopenia,-1.79,-1.78,0.842,0,65,F
BM_00781,benchmark_osteopenia_00781.png,osteopenia,MultiCohort_Expanded_Benchmark,osteopenia,-1.81,-1.23,0.84,0,44,F
BM_00782,benchmark_osteopenia_00782.png,osteopenia,MultiCohort_Expanded_Benchmark,osteopenia,-2.43,-2.18,0.759,0,67,F
BM_00783,benchmark_osteopenia_00783.png,osteopenia,MultiCohort_Expanded_Benchmark,osteopenia,-1.92,-1.88,0.825,0,62,F
BM_00784,benchmark_osteopenia_00784.png,osteopenia,MultiCohort_Expanded_Benchmark,osteopenia,-2.22,-2.42,0.786,0,80,F
BM_00785,benchmark_osteopenia_00785.png,osteopenia,MultiCohort_Expanded_Benchmark,osteopenia,-1.54,-1.73,0.875,0,62,F
BM_00786,benchmark_osteopenia_00786.png,osteopenia,MultiCohort_Expanded_Benchmark,osteopenia,-1.99,-1.41,0.816,0,73,F
BM_00787,benchmark_osteopenia_00787.png,osteopenia,MultiCohort_Expanded_Benchmark,osteopenia,-1.27,-0.88,0.91,0,77,F
BM_00788,benchmark_osteopenia_00788.png,osteopenia,MultiCohort_Expanded_Benchmark,osteopenia,-2.28,-2.24,0.779,1,49,F
BM_00789,benchmark_osteopenia_00789.png,osteopenia,MultiCohort_Expanded_Benchmark,osteopenia,-2.06,-2.1,0.807,0,69,F
BM_00790,benchmark_osteopenia_00790.png,osteopenia,MultiCohort_Expanded_Benchmark,osteopenia,-2.42,-2.11,0.76,0,80,M
BM_00791,benchmark_osteopenia_00791.png,osteopenia,MultiCohort_Expanded_Benchmark,osteopenia,-2.32,-2.69,0.773,0,83,F
BM_00792,benchmark_osteopenia_00792.png,osteopenia,MultiCohort_Expanded_Benchmark,osteopenia,-1.14,-0.56,0.927,0,85,M
BM_00793,benchmark_osteopenia_00793.png,osteopenia,MultiCohort_Expanded_Benchmark,osteopenia,-2.39,-2.21,0.764,0,49,F
BM_00794,benchmark_osteopenia_00794.png,osteopenia,MultiCohort_Expanded_Benchmark,osteopenia,-2.04,-2.44,0.81,0,85,F
BM_00795,benchmark_osteopenia_00795.png,osteopenia,MultiCohort_Expanded_Benchmark,osteopenia,-2.02,-1.97,0.812,0,58,M
BM_00796,benchmark_osteopenia_00796.png,osteopenia,MultiCohort_Expanded_Benchmark,osteopenia,-1.09,-1.19,0.933,0,52,M
BM_00797,benchmark_osteopenia_00797.png,osteopenia,MultiCohort_Expanded_Benchmark,osteopenia,-1.98,-2.12,0.818,0,47,F
BM_00798,benchmark_osteopenia_00798.png,osteopenia,MultiCohort_Expanded_Benchmark,osteopenia,-2.05,-1.56,0.808,0,74,F
BM_00799,benchmark_osteopenia_00799.png,osteopenia,MultiCohort_Expanded_Benchmark,osteopenia,-2.33,-2.71,0.772,0,48,F
BM_00800,benchmark_osteopenia_00800.png,osteopenia,MultiCohort_Expanded_Benchmark,osteopenia,-2.03,-2.24,0.811,0,55,M
BM_00801,benchmark_osteopenia_00801.png,osteopenia,MultiCohort_Expanded_Benchmark,osteopenia,-1.48,-1.75,0.883,0,56,F
BM_00802,benchmark_osteopenia_00802.png,osteopenia,MultiCohort_Expanded_Benchmark,osteopenia,-1.49,-1.32,0.881,0,60,M
BM_00803,benchmark_osteopenia_00803.png,osteopenia,MultiCohort_Expanded_Benchmark,osteopenia,-1.8,-1.36,0.841,0,70,F
BM_00804,benchmark_osteopenia_00804.png,osteopenia,MultiCohort_Expanded_Benchmark,osteopenia,-2.21,-2.05,0.788,0,48,F
BM_00805,benchmark_osteopenia_00805.png,osteopenia,MultiCohort_Expanded_Benchmark,osteopenia,-2.2,-1.99,0.789,0,87,F
BM_00806,benchmark_osteopenia_00806.png,osteopenia,MultiCohort_Expanded_Benchmark,osteopenia,-1.55,-1.25,0.873,0,48,F
BM_00807,benchmark_osteopenia_00807.png,osteopenia,MultiCohort_Expanded_Benchmark,osteopenia,-2.25,-1.91,0.782,1,79,F
BM_00808,benchmark_osteopenia_00808.png,osteopenia,MultiCohort_Expanded_Benchmark,osteopenia,-1.71,-1.47,0.853,0,64,F
BM_00809,benchmark_osteopenia_00809.png,osteopenia,MultiCohort_Expanded_Benchmark,osteopenia,-1.68,-1.64,0.857,1,80,F
BM_00810,benchmark_osteopenia_00810.png,osteopenia,MultiCohort_Expanded_Benchmark,osteopenia,-1.38,-1.29,0.896,0,64,F
BM_00811,benchmark_osteopenia_00811.png,osteopenia,MultiCohort_Expanded_Benchmark,osteopenia,-2.34,-2.68,0.771,0,43,F
BM_00812,benchmark_osteopenia_00812.png,osteopenia,MultiCohort_Expanded_Benchmark,osteopenia,-1.51,-1.64,0.879,0,47,F
BM_00813,benchmark_osteopenia_00813.png,osteopenia,MultiCohort_Expanded_Benchmark,osteopenia,-2.31,-2.53,0.775,0,43,F
BM_00814,benchmark_osteopenia_00814.png,osteopenia,MultiCohort_Expanded_Benchmark,osteopenia,-1.38,-1.12,0.896,0,68,M
BM_00815,benchmark_osteopenia_00815.png,osteopenia,MultiCohort_Expanded_Benchmark,osteopenia,-1.12,-0.77,0.929,0,76,F
BM_00816,benchmark_osteopenia_00816.png,osteopenia,MultiCohort_Expanded_Benchmark,osteopenia,-1.91,-2.25,0.827,0,76,F
BM_00817,benchmark_osteopenia_00817.png,osteopenia,MultiCohort_Expanded_Benchmark,osteopenia,-1.73,-1.64,0.85,1,87,M
BM_00818,benchmark_osteopenia_00818.png,osteopenia,MultiCohort_Expanded_Benchmark,osteopenia,-2.27,-1.87,0.78,0,64,F
BM_00819,benchmark_osteopenia_00819.png,osteopenia,MultiCohort_Expanded_Benchmark,osteopenia,-2.07,-2.1,0.806,0,82,F
BM_00820,benchmark_osteopenia_00820.png,osteopenia,MultiCohort_Expanded_Benchmark,osteopenia,-1.85,-1.57,0.835,0,84,F
BM_00821,benchmark_osteopenia_00821.png,osteopenia,MultiCohort_Expanded_Benchmark,osteopenia,-2.19,-2.14,0.79,1,45,F
BM_00822,benchmark_osteopenia_00822.png,osteopenia,MultiCohort_Expanded_Benchmark,osteopenia,-1.51,-1.41,0.879,0,60,F
BM_00823,benchmark_osteopenia_00823.png,osteopenia,MultiCohort_Expanded_Benchmark,osteopenia,-1.45,-1.27,0.887,1,75,M
BM_00824,benchmark_osteopenia_00824.png,osteopenia,MultiCohort_Expanded_Benchmark,osteopenia,-1.65,-1.24,0.861,0,40,M
BM_00825,benchmark_osteopenia_00825.png,osteopenia,MultiCohort_Expanded_Benchmark,osteopenia,-2.05,-2.07,0.808,0,65,F
BM_00826,benchmark_osteopenia_00826.png,osteopenia,MultiCohort_Expanded_Benchmark,osteopenia,-1.17,-1.03,0.923,0,64,M
BM_00827,benchmark_osteopenia_00827.png,osteopenia,MultiCohort_Expanded_Benchmark,osteopenia,-2.39,-1.95,0.764,0,68,F
BM_00828,benchmark_osteopenia_00828.png,osteopenia,MultiCohort_Expanded_Benchmark,osteopenia,-1.26,-0.81,0.911,0,54,F
BM_00829,benchmark_osteopenia_00829.png,osteopenia,MultiCohort_Expanded_Benchmark,osteopenia,-1.23,-0.79,0.915,1,85,M
BM_00830,benchmark_osteopenia_00830.png,osteopenia,MultiCohort_Expanded_Benchmark,osteopenia,-1.29,-0.7,0.907,1,54,F
BM_00831,benchmark_osteopenia_00831.png,osteopenia,MultiCohort_Expanded_Benchmark,osteopenia,-1.58,-1.84,0.87,0,56,F
BM_00832,benchmark_osteopenia_00832.png,osteopenia,MultiCohort_Expanded_Benchmark,osteopenia,-1.45,-1.12,0.887,0,70,F
BM_00833,benchmark_osteopenia_00833.png,osteopenia,MultiCohort_Expanded_Benchmark,osteopenia,-1.46,-1.36,0.885,0,67,F
BM_00834,benchmark_osteopenia_00834.png,osteopenia,MultiCohort_Expanded_Benchmark,osteopenia,-2.29,-1.91,0.777,0,51,F
BM_00835,benchmark_osteopenia_00835.png,osteopenia,MultiCohort_Expanded_Benchmark,osteopenia,-1.91,-1.53,0.827,0,81,F
BM_00836,benchmark_osteopenia_00836.png,osteopenia,MultiCohort_Expanded_Benchmark,osteopenia,-1.49,-0.92,0.881,1,72,F
BM_00837,benchmark_osteopenia_00837.png,osteopenia,MultiCohort_Expanded_Benchmark,osteopenia,-2.14,-1.83,0.797,0,61,F
BM_00838,benchmark_osteopenia_00838.png,osteopenia,MultiCohort_Expanded_Benchmark,osteopenia,-1.77,-1.75,0.845,0,58,F
BM_00839,benchmark_osteopenia_00839.png,osteopenia,MultiCohort_Expanded_Benchmark,osteopenia,-1.57,-1.5,0.871,0,46,F
BM_00840,benchmark_osteopenia_00840.png,osteopenia,MultiCohort_Expanded_Benchmark,osteopenia,-1.91,-1.8,0.827,1,63,F
BM_00841,benchmark_osteopenia_00841.png,osteopenia,MultiCohort_Expanded_Benchmark,osteopenia,-2.31,-1.86,0.775,0,57,M
BM_00842,benchmark_osteopenia_00842.png,osteopenia,MultiCohort_Expanded_Benchmark,osteopenia,-1.45,-1.04,0.887,0,60,F
BM_00843,benchmark_osteopenia_00843.png,osteopenia,MultiCohort_Expanded_Benchmark,osteopenia,-2.21,-1.9,0.788,1,42,F
BM_00844,benchmark_osteopenia_00844.png,osteopenia,MultiCohort_Expanded_Benchmark,osteopenia,-1.69,-1.29,0.855,0,44,F
BM_00845,benchmark_osteopenia_00845.png,osteopenia,MultiCohort_Expanded_Benchmark,osteopenia,-1.48,-1.65,0.883,0,53,M
BM_00846,benchmark_osteopenia_00846.png,osteopenia,MultiCohort_Expanded_Benchmark,osteopenia,-2.38,-2.52,0.766,0,85,M
BM_00847,benchmark_osteopenia_00847.png,osteopenia,MultiCohort_Expanded_Benchmark,osteopenia,-2.38,-2.65,0.766,0,40,F
BM_00848,benchmark_osteopenia_00848.png,osteopenia,MultiCohort_Expanded_Benchmark,osteopenia,-1.93,-1.89,0.824,1,47,M
BM_00849,benchmark_osteopenia_00849.png,osteopenia,MultiCohort_Expanded_Benchmark,osteopenia,-1.58,-1.38,0.87,0,78,F
BM_00850,benchmark_osteopenia_00850.png,osteopenia,MultiCohort_Expanded_Benchmark,osteopenia,-1.35,-0.78,0.899,0,64,F
BM_00851,benchmark_osteopenia_00851.png,osteopenia,MultiCohort_Expanded_Benchmark,osteopenia,-2.32,-2.08,0.773,0,71,M
BM_00852,benchmark_osteopenia_00852.png,osteopenia,MultiCohort_Expanded_Benchmark,osteopenia,-2.15,-1.65,0.795,0,54,F
BM_00853,benchmark_osteopenia_00853.png,osteopenia,MultiCohort_Expanded_Benchmark,osteopenia,-1.42,-1.5,0.89,0,40,F
BM_00854,benchmark_osteopenia_00854.png,osteopenia,MultiCohort_Expanded_Benchmark,osteopenia,-1.22,-1.25,0.916,0,68,M
BM_00855,benchmark_osteopenia_00855.png,osteopenia,MultiCohort_Expanded_Benchmark,osteopenia,-1.6,-1.34,0.867,1,49,F
BM_00856,benchmark_osteopenia_00856.png,osteopenia,MultiCohort_Expanded_Benchmark,osteopenia,-1.86,-1.72,0.833,0,60,M
BM_00857,benchmark_osteopenia_00857.png,osteopenia,MultiCohort_Expanded_Benchmark,osteopenia,-2.27,-1.84,0.78,0,49,F
BM_00858,benchmark_osteopenia_00858.png,osteopenia,MultiCohort_Expanded_Benchmark,osteopenia,-2.12,-2.17,0.799,0,45,F
BM_00859,benchmark_osteopenia_00859.png,osteopenia,MultiCohort_Expanded_Benchmark,osteopenia,-1.6,-1.59,0.867,0,46,F
BM_00860,benchmark_osteopenia_00860.png,osteopenia,MultiCohort_Expanded_Benchmark,osteopenia,-1.56,-1.89,0.872,0,66,F
BM_00861,benchmark_osteopenia_00861.png,osteopenia,MultiCohort_Expanded_Benchmark,osteopenia,-1.6,-1.96,0.867,0,62,F
BM_00862,benchmark_osteopenia_00862.png,osteopenia,MultiCohort_Expanded_Benchmark,osteopenia,-1.8,-1.27,0.841,0,88,M
BM_00863,benchmark_osteopenia_00863.png,osteopenia,MultiCohort_Expanded_Benchmark,osteopenia,-2.19,-2.18,0.79,0,79,F
BM_00864,benchmark_osteopenia_00864.png,osteopenia,MultiCohort_Expanded_Benchmark,osteopenia,-2.3,-2.08,0.776,0,69,M
BM_00865,benchmark_osteopenia_00865.png,osteopenia,MultiCohort_Expanded_Benchmark,osteopenia,-1.08,-1.03,0.935,0,84,F
BM_00866,benchmark_osteopenia_00866.png,osteopenia,MultiCohort_Expanded_Benchmark,osteopenia,-1.36,-1.62,0.898,0,75,F
BM_00867,benchmark_osteopenia_00867.png,osteopenia,MultiCohort_Expanded_Benchmark,osteopenia,-1.37,-1.41,0.897,0,78,F
BM_00868,benchmark_osteopenia_00868.png,osteopenia,MultiCohort_Expanded_Benchmark,osteopenia,-2.34,-2.15,0.771,0,62,F
BM_00869,benchmark_osteopenia_00869.png,osteopenia,MultiCohort_Expanded_Benchmark,osteopenia,-1.86,-1.27,0.833,0,77,M
BM_00870,benchmark_osteopenia_00870.png,osteopenia,MultiCohort_Expanded_Benchmark,osteopenia,-1.47,-1.53,0.884,0,52,F
BM_00871,benchmark_osteopenia_00871.png,osteopenia,MultiCohort_Expanded_Benchmark,osteopenia,-2.22,-2.48,0.786,0,87,F
BM_00872,benchmark_osteopenia_00872.png,osteopenia,MultiCohort_Expanded_Benchmark,osteopenia,-2.21,-1.65,0.788,0,68,F
BM_00873,benchmark_osteopenia_00873.png,osteopenia,MultiCohort_Expanded_Benchmark,osteopenia,-2.4,-2.06,0.763,0,43,F
BM_00874,benchmark_osteopenia_00874.png,osteopenia,MultiCohort_Expanded_Benchmark,osteopenia,-1.76,-1.48,0.846,0,67,M
BM_00875,benchmark_osteopenia_00875.png,osteopenia,MultiCohort_Expanded_Benchmark,osteopenia,-1.71,-1.15,0.853,1,58,F
BM_00876,benchmark_osteopenia_00876.png,osteopenia,MultiCohort_Expanded_Benchmark,osteopenia,-1.72,-1.57,0.851,0,47,M
BM_00877,benchmark_osteopenia_00877.png,osteopenia,MultiCohort_Expanded_Benchmark,osteopenia,-1.75,-2.13,0.848,0,81,M
BM_00878,benchmark_osteopenia_00878.png,osteopenia,MultiCohort_Expanded_Benchmark,osteopenia,-1.34,-0.87,0.901,0,50,M
BM_00879,benchmark_osteopenia_00879.png,osteopenia,MultiCohort_Expanded_Benchmark,osteopenia,-1.78,-2.02,0.844,0,65,F
BM_00880,benchmark_osteopenia_00880.png,osteopenia,MultiCohort_Expanded_Benchmark,osteopenia,-1.97,-2.32,0.819,0,87,F
BM_00881,benchmark_osteopenia_00881.png,osteopenia,MultiCohort_Expanded_Benchmark,osteopenia,-2.19,-2.19,0.79,0,52,M
BM_00882,benchmark_osteopenia_00882.png,osteopenia,MultiCohort_Expanded_Benchmark,osteopenia,-1.44,-1.63,0.888,0,87,F
BM_00883,benchmark_osteopenia_00883.png,osteopenia,MultiCohort_Expanded_Benchmark,osteopenia,-2.29,-2.11,0.777,1,80,F
BM_00884,benchmark_osteopenia_00884.png,osteopenia,MultiCohort_Expanded_Benchmark,osteopenia,-1.71,-1.76,0.853,0,78,F
BM_00885,benchmark_osteopenia_00885.png,osteopenia,MultiCohort_Expanded_Benchmark,osteopenia,-2.39,-2.56,0.764,0,50,M
BM_00886,benchmark_osteopenia_00886.png,osteopenia,MultiCohort_Expanded_Benchmark,osteopenia,-2.23,-2.06,0.785,0,66,F
BM_00887,benchmark_osteopenia_00887.png,osteopenia,MultiCohort_Expanded_Benchmark,osteopenia,-2.21,-2.21,0.788,1,61,M
BM_00888,benchmark_osteopenia_00888.png,osteopenia,MultiCohort_Expanded_Benchmark,osteopenia,-1.66,-1.48,0.859,0,68,F
BM_00889,benchmark_osteopenia_00889.png,osteopenia,MultiCohort_Expanded_Benchmark,osteopenia,-2.04,-1.98,0.81,0,58,M
BM_00890,benchmark_osteopenia_00890.png,osteopenia,MultiCohort_Expanded_Benchmark,osteopenia,-2.22,-2.53,0.786,0,73,F
BM_00891,benchmark_osteopenia_00891.png,osteopenia,MultiCohort_Expanded_Benchmark,osteopenia,-1.69,-1.64,0.855,0,77,F
BM_00892,benchmark_osteopenia_00892.png,osteopenia,MultiCohort_Expanded_Benchmark,osteopenia,-1.07,-0.85,0.936,0,55,F
BM_00893,benchmark_osteopenia_00893.png,osteopenia,MultiCohort_Expanded_Benchmark,osteopenia,-1.72,-2.01,0.851,0,59,F
BM_00894,benchmark_osteopenia_00894.png,osteopenia,MultiCohort_Expanded_Benchmark,osteopenia,-2.26,-2.27,0.781,0,81,F
BM_00895,benchmark_osteopenia_00895.png,osteopenia,MultiCohort_Expanded_Benchmark,osteopenia,-1.8,-2.11,0.841,0,75,F
BM_00896,benchmark_osteopenia_00896.png,osteopenia,MultiCohort_Expanded_Benchmark,osteopenia,-2.12,-1.91,0.799,0,68,M
BM_00897,benchmark_osteopenia_00897.png,osteopenia,MultiCohort_Expanded_Benchmark,osteopenia,-1.32,-0.78,0.903,0,78,M
BM_00898,benchmark_osteopenia_00898.png,osteopenia,MultiCohort_Expanded_Benchmark,osteopenia,-1.56,-1.67,0.872,1,42,F
BM_00899,benchmark_osteopenia_00899.png,osteopenia,MultiCohort_Expanded_Benchmark,osteopenia,-2.42,-2.76,0.76,0,85,M
BM_00900,benchmark_osteopenia_00900.png,osteopenia,MultiCohort_Expanded_Benchmark,osteopenia,-1.1,-1.49,0.932,0,73,F
BM_00901,benchmark_osteopenia_00901.png,osteopenia,MultiCohort_Expanded_Benchmark,osteopenia,-2.14,-2.28,0.797,0,86,M
BM_00902,benchmark_osteopenia_00902.png,osteopenia,MultiCohort_Expanded_Benchmark,osteopenia,-1.57,-1.29,0.871,0,40,F
BM_00903,benchmark_osteopenia_00903.png,osteopenia,MultiCohort_Expanded_Benchmark,osteopenia,-1.85,-1.75,0.835,0,76,F
BM_00904,benchmark_osteopenia_00904.png,osteopenia,MultiCohort_Expanded_Benchmark,osteopenia,-1.77,-2.14,0.845,0,75,F
BM_00905,benchmark_osteopenia_00905.png,osteopenia,MultiCohort_Expanded_Benchmark,osteopenia,-1.22,-0.67,0.916,0,41,F
BM_00906,benchmark_osteopenia_00906.png,osteopenia,MultiCohort_Expanded_Benchmark,osteopenia,-2.44,-1.97,0.758,0,72,F
BM_00907,benchmark_osteopenia_00907.png,osteopenia,MultiCohort_Expanded_Benchmark,osteopenia,-2.06,-1.75,0.807,0,41,F
BM_00908,benchmark_osteopenia_00908.png,osteopenia,MultiCohort_Expanded_Benchmark,osteopenia,-1.6,-1.88,0.867,0,65,F
BM_00909,benchmark_osteopenia_00909.png,osteopenia,MultiCohort_Expanded_Benchmark,osteopenia,-2.05,-1.82,0.808,1,81,F
BM_00910,benchmark_osteopenia_00910.png,osteopenia,MultiCohort_Expanded_Benchmark,osteopenia,-1.25,-0.89,0.912,0,51,M
BM_00911,benchmark_osteopenia_00911.png,osteopenia,MultiCohort_Expanded_Benchmark,osteopenia,-1.48,-1.52,0.883,0,47,F
BM_00912,benchmark_osteoporosis_00912.png,osteoporosis,MultiCohort_Expanded_Benchmark,osteoporosis,-2.83,-3.13,0.684,1,53,F
BM_00913,benchmark_osteoporosis_00913.png,osteoporosis,MultiCohort_Expanded_Benchmark,osteoporosis,-2.92,-2.66,0.669,0,58,F
BM_00914,benchmark_osteoporosis_00914.png,osteoporosis,MultiCohort_Expanded_Benchmark,osteoporosis,-3.2,-3.08,0.621,1,58,M
BM_00915,benchmark_osteoporosis_00915.png,osteoporosis,MultiCohort_Expanded_Benchmark,osteoporosis,-3.45,-3.84,0.579,1,66,F
BM_00916,benchmark_osteoporosis_00916.png,osteoporosis,MultiCohort_Expanded_Benchmark,osteoporosis,-2.94,-3.14,0.665,1,41,F
BM_00917,benchmark_osteoporosis_00917.png,osteoporosis,MultiCohort_Expanded_Benchmark,osteoporosis,-3.81,-4.08,0.517,0,46,F
BM_00918,benchmark_osteoporosis_00918.png,osteoporosis,MultiCohort_Expanded_Benchmark,osteoporosis,-3.98,-3.98,0.488,1,73,F
BM_00919,benchmark_osteoporosis_00919.png,osteoporosis,MultiCohort_Expanded_Benchmark,osteoporosis,-2.99,-2.88,0.657,0,51,F
BM_00920,benchmark_osteoporosis_00920.png,osteoporosis,MultiCohort_Expanded_Benchmark,osteoporosis,-2.68,-3.08,0.709,1,57,M
BM_00921,benchmark_osteoporosis_00921.png,osteoporosis,MultiCohort_Expanded_Benchmark,osteoporosis,-3.81,-3.28,0.517,1,56,F
BM_00922,benchmark_osteoporosis_00922.png,osteoporosis,MultiCohort_Expanded_Benchmark,osteoporosis,-4.26,-3.99,0.441,1,69,M
BM_00923,benchmark_osteoporosis_00923.png,osteoporosis,MultiCohort_Expanded_Benchmark,osteoporosis,-3.82,-3.47,0.516,1,79,F
BM_00924,benchmark_osteoporosis_00924.png,osteoporosis,MultiCohort_Expanded_Benchmark,osteoporosis,-3.11,-3.12,0.636,0,42,F
BM_00925,benchmark_osteoporosis_00925.png,osteoporosis,MultiCohort_Expanded_Benchmark,osteoporosis,-3.76,-3.93,0.526,0,44,M
BM_00926,benchmark_osteoporosis_00926.png,osteoporosis,MultiCohort_Expanded_Benchmark,osteoporosis,-2.69,-2.36,0.708,0,43,M
BM_00927,benchmark_osteoporosis_00927.png,osteoporosis,MultiCohort_Expanded_Benchmark,osteoporosis,-3.29,-3.59,0.606,1,86,F
BM_00928,benchmark_osteoporosis_00928.png,osteoporosis,MultiCohort_Expanded_Benchmark,osteoporosis,-2.59,-2.72,0.725,1,65,F
BM_00929,benchmark_osteoporosis_00929.png,osteoporosis,MultiCohort_Expanded_Benchmark,osteoporosis,-3.87,-3.99,0.507,0,86,F
BM_00930,benchmark_osteoporosis_00930.png,osteoporosis,MultiCohort_Expanded_Benchmark,osteoporosis,-4.25,-3.74,0.443,0,58,M
BM_00931,benchmark_osteoporosis_00931.png,osteoporosis,MultiCohort_Expanded_Benchmark,osteoporosis,-3.47,-3.32,0.575,0,61,F
BM_00932,benchmark_osteoporosis_00932.png,osteoporosis,MultiCohort_Expanded_Benchmark,osteoporosis,-3.12,-2.74,0.635,1,50,M
BM_00933,benchmark_osteoporosis_00933.png,osteoporosis,MultiCohort_Expanded_Benchmark,osteoporosis,-4.49,-4.19,0.402,0,56,M
BM_00934,benchmark_osteoporosis_00934.png,osteoporosis,MultiCohort_Expanded_Benchmark,osteoporosis,-3.69,-3.9,0.538,0,68,F
BM_00935,benchmark_osteoporosis_00935.png,osteoporosis,MultiCohort_Expanded_Benchmark,osteoporosis,-3.46,-3.71,0.577,0,55,M
BM_00936,benchmark_osteoporosis_00936.png,osteoporosis,MultiCohort_Expanded_Benchmark,osteoporosis,-4.41,-4.54,0.415,0,42,M
BM_00937,benchmark_osteoporosis_00937.png,osteoporosis,MultiCohort_Expanded_Benchmark,osteoporosis,-3.47,-3.26,0.575,0,44,F
BM_00938,benchmark_osteoporosis_00938.png,osteoporosis,MultiCohort_Expanded_Benchmark,osteoporosis,-3.28,-2.99,0.607,1,62,F
BM_00939,benchmark_osteoporosis_00939.png,osteoporosis,MultiCohort_Expanded_Benchmark,osteoporosis,-3.45,-2.86,0.579,1,67,F
BM_00940,benchmark_osteoporosis_00940.png,osteoporosis,MultiCohort_Expanded_Benchmark,osteoporosis,-3.91,-3.83,0.5,0,80,F
BM_00941,benchmark_osteoporosis_00941.png,osteoporosis,MultiCohort_Expanded_Benchmark,osteoporosis,-3.63,-3.12,0.548,1,87,F
BM_00942,benchmark_osteoporosis_00942.png,osteoporosis,MultiCohort_Expanded_Benchmark,osteoporosis,-3.41,-3.35,0.585,0,77,F
BM_00943,benchmark_osteoporosis_00943.png,osteoporosis,MultiCohort_Expanded_Benchmark,osteoporosis,-3.95,-3.52,0.493,0,80,F
BM_00944,benchmark_osteoporosis_00944.png,osteoporosis,MultiCohort_Expanded_Benchmark,osteoporosis,-2.91,-2.94,0.67,1,53,F
BM_00945,benchmark_osteoporosis_00945.png,osteoporosis,MultiCohort_Expanded_Benchmark,osteoporosis,-3.88,-4.12,0.505,1,88,F
BM_00946,benchmark_osteoporosis_00946.png,osteoporosis,MultiCohort_Expanded_Benchmark,osteoporosis,-3.05,-3.42,0.647,1,62,F
BM_00947,benchmark_osteoporosis_00947.png,osteoporosis,MultiCohort_Expanded_Benchmark,osteoporosis,-3.73,-3.74,0.531,1,84,F
BM_00948,benchmark_osteoporosis_00948.png,osteoporosis,MultiCohort_Expanded_Benchmark,osteoporosis,-3.94,-3.64,0.495,1,63,F
BM_00949,benchmark_osteoporosis_00949.png,osteoporosis,MultiCohort_Expanded_Benchmark,osteoporosis,-3.28,-2.75,0.607,1,50,F
BM_00950,benchmark_osteoporosis_00950.png,osteoporosis,MultiCohort_Expanded_Benchmark,osteoporosis,-4.12,-3.76,0.465,0,84,F
BM_00951,benchmark_osteoporosis_00951.png,osteoporosis,MultiCohort_Expanded_Benchmark,osteoporosis,-3.8,-3.95,0.519,0,71,F
BM_00952,benchmark_osteoporosis_00952.png,osteoporosis,MultiCohort_Expanded_Benchmark,osteoporosis,-3.66,-3.53,0.543,1,41,F
BM_00953,benchmark_osteoporosis_00953.png,osteoporosis,MultiCohort_Expanded_Benchmark,osteoporosis,-3.09,-2.5,0.64,0,57,M
BM_00954,benchmark_osteoporosis_00954.png,osteoporosis,MultiCohort_Expanded_Benchmark,osteoporosis,-4.02,-3.61,0.482,0,81,M
BM_00955,benchmark_osteoporosis_00955.png,osteoporosis,MultiCohort_Expanded_Benchmark,osteoporosis,-3.83,-4.2,0.514,1,71,F
BM_00956,benchmark_osteoporosis_00956.png,osteoporosis,MultiCohort_Expanded_Benchmark,osteoporosis,-2.56,-2.57,0.73,1,59,F
BM_00957,benchmark_osteoporosis_00957.png,osteoporosis,MultiCohort_Expanded_Benchmark,osteoporosis,-3.55,-3.38,0.562,1,68,F
BM_00958,benchmark_osteoporosis_00958.png,osteoporosis,MultiCohort_Expanded_Benchmark,osteoporosis,-2.92,-2.98,0.669,1,66,F
BM_00959,benchmark_osteoporosis_00959.png,osteoporosis,MultiCohort_Expanded_Benchmark,osteoporosis,-4.28,-4.36,0.437,0,63,F
BM_00960,benchmark_osteoporosis_00960.png,osteoporosis,MultiCohort_Expanded_Benchmark,osteoporosis,-3.69,-3.77,0.538,0,43,F
BM_00961,benchmark_osteoporosis_00961.png,osteoporosis,MultiCohort_Expanded_Benchmark,osteoporosis,-4.48,-4.13,0.403,1,71,M
BM_00962,benchmark_osteoporosis_00962.png,osteoporosis,MultiCohort_Expanded_Benchmark,osteoporosis,-2.88,-2.88,0.675,1,50,F
BM_00963,benchmark_osteoporosis_00963.png,osteoporosis,MultiCohort_Expanded_Benchmark,osteoporosis,-3.21,-3.12,0.619,1,61,F
BM_00964,benchmark_osteoporosis_00964.png,osteoporosis,MultiCohort_Expanded_Benchmark,osteoporosis,-3.74,-3.4,0.529,1,71,M
BM_00965,benchmark_osteoporosis_00965.png,osteoporosis,MultiCohort_Expanded_Benchmark,osteoporosis,-3.48,-3.13,0.573,0,58,F
BM_00966,benchmark_osteoporosis_00966.png,osteoporosis,MultiCohort_Expanded_Benchmark,osteoporosis,-3.6,-3.98,0.553,1,40,M
BM_00967,benchmark_osteoporosis_00967.png,osteoporosis,MultiCohort_Expanded_Benchmark,osteoporosis,-4.48,-4.85,0.403,0,49,F
BM_00968,benchmark_osteoporosis_00968.png,osteoporosis,MultiCohort_Expanded_Benchmark,osteoporosis,-3.05,-2.66,0.647,0,53,M
BM_00969,benchmark_osteoporosis_00969.png,osteoporosis,MultiCohort_Expanded_Benchmark,osteoporosis,-2.8,-2.4,0.689,0,54,F
BM_00970,benchmark_osteoporosis_00970.png,osteoporosis,MultiCohort_Expanded_Benchmark,osteoporosis,-4.1,-3.53,0.468,0,65,F
BM_00971,benchmark_osteoporosis_00971.png,osteoporosis,MultiCohort_Expanded_Benchmark,osteoporosis,-2.82,-2.79,0.686,0,86,M
BM_00972,benchmark_osteoporosis_00972.png,osteoporosis,MultiCohort_Expanded_Benchmark,osteoporosis,-3.95,-3.42,0.493,0,82,F
BM_00973,benchmark_osteoporosis_00973.png,osteoporosis,MultiCohort_Expanded_Benchmark,osteoporosis,-4.33,-4.65,0.429,0,57,M
BM_00974,benchmark_osteoporosis_00974.png,osteoporosis,MultiCohort_Expanded_Benchmark,osteoporosis,-3.66,-3.07,0.543,0,83,F
BM_00975,benchmark_osteoporosis_00975.png,osteoporosis,MultiCohort_Expanded_Benchmark,osteoporosis,-4.17,-3.82,0.456,0,71,F
BM_00976,benchmark_osteoporosis_00976.png,osteoporosis,MultiCohort_Expanded_Benchmark,osteoporosis,-4.43,-4.32,0.412,1,59,F
BM_00977,benchmark_osteoporosis_00977.png,osteoporosis,MultiCohort_Expanded_Benchmark,osteoporosis,-3.34,-3.53,0.597,0,64,M
BM_00978,benchmark_osteoporosis_00978.png,osteoporosis,MultiCohort_Expanded_Benchmark,osteoporosis,-3.65,-3.15,0.544,0,68,F
BM_00979,benchmark_osteoporosis_00979.png,osteoporosis,MultiCohort_Expanded_Benchmark,osteoporosis,-2.71,-2.34,0.704,1,49,F
BM_00980,benchmark_osteoporosis_00980.png,osteoporosis,MultiCohort_Expanded_Benchmark,osteoporosis,-4.27,-4.12,0.439,1,65,F
BM_00981,benchmark_osteoporosis_00981.png,osteoporosis,MultiCohort_Expanded_Benchmark,osteoporosis,-4.25,-4.31,0.443,1,66,F
BM_00982,benchmark_osteoporosis_00982.png,osteoporosis,MultiCohort_Expanded_Benchmark,osteoporosis,-3.48,-3.43,0.573,1,72,F
BM_00983,benchmark_osteoporosis_00983.png,osteoporosis,MultiCohort_Expanded_Benchmark,osteoporosis,-4.34,-4.16,0.427,0,65,F
BM_00984,benchmark_osteoporosis_00984.png,osteoporosis,MultiCohort_Expanded_Benchmark,osteoporosis,-3.69,-3.76,0.538,0,80,M
BM_00985,benchmark_osteoporosis_00985.png,osteoporosis,MultiCohort_Expanded_Benchmark,osteoporosis,-3.71,-3.76,0.534,1,86,F
BM_00986,benchmark_osteoporosis_00986.png,osteoporosis,MultiCohort_Expanded_Benchmark,osteoporosis,-4.35,-3.84,0.426,1,44,F
BM_00987,benchmark_osteoporosis_00987.png,osteoporosis,MultiCohort_Expanded_Benchmark,osteoporosis,-4.21,-4.29,0.449,0,57,M
BM_00988,benchmark_osteoporosis_00988.png,osteoporosis,MultiCohort_Expanded_Benchmark,osteoporosis,-3.88,-3.41,0.505,0,78,F
BM_00989,benchmark_osteoporosis_00989.png,osteoporosis,MultiCohort_Expanded_Benchmark,osteoporosis,-4.1,-4.13,0.468,0,40,F
BM_00990,benchmark_osteoporosis_00990.png,osteoporosis,MultiCohort_Expanded_Benchmark,osteoporosis,-2.79,-2.51,0.691,0,48,F
BM_00991,benchmark_osteoporosis_00991.png,osteoporosis,MultiCohort_Expanded_Benchmark,osteoporosis,-3.45,-3.18,0.579,1,55,F
BM_00992,benchmark_osteoporosis_00992.png,osteoporosis,MultiCohort_Expanded_Benchmark,osteoporosis,-4.19,-4.51,0.453,0,46,F
BM_00993,benchmark_osteoporosis_00993.png,osteoporosis,MultiCohort_Expanded_Benchmark,osteoporosis,-3.44,-3.54,0.58,0,77,F
BM_00994,benchmark_osteoporosis_00994.png,osteoporosis,MultiCohort_Expanded_Benchmark,osteoporosis,-2.91,-2.87,0.67,1,87,F
BM_00995,benchmark_osteoporosis_00995.png,osteoporosis,MultiCohort_Expanded_Benchmark,osteoporosis,-3.99,-3.51,0.487,1,86,M
BM_00996,benchmark_osteoporosis_00996.png,osteoporosis,MultiCohort_Expanded_Benchmark,osteoporosis,-4.15,-4.14,0.459,1,59,M
BM_00997,benchmark_osteoporosis_00997.png,osteoporosis,MultiCohort_Expanded_Benchmark,osteoporosis,-2.85,-2.63,0.681,0,47,F
BM_00998,benchmark_osteoporosis_00998.png,osteoporosis,MultiCohort_Expanded_Benchmark,osteoporosis,-3.43,-3.72,0.582,0,48,M
BM_00999,benchmark_osteoporosis_00999.png,osteoporosis,MultiCohort_Expanded_Benchmark,osteoporosis,-2.7,-2.99,0.706,0,77,F
BM_01000,benchmark_osteoporosis_01000.png,osteoporosis,MultiCohort_Expanded_Benchmark,osteoporosis,-3.44,-3.49,0.58,0,60,F
BM_01001,benchmark_osteoporosis_01001.png,osteoporosis,MultiCohort_Expanded_Benchmark,osteoporosis,-3.99,-3.68,0.487,1,64,F
BM_01002,benchmark_osteoporosis_01002.png,osteoporosis,MultiCohort_Expanded_Benchmark,osteoporosis,-4.36,-4.03,0.424,0,46,F
BM_01003,benchmark_osteoporosis_01003.png,osteoporosis,MultiCohort_Expanded_Benchmark,osteoporosis,-3.75,-3.83,0.528,1,77,F
BM_01004,benchmark_osteoporosis_01004.png,osteoporosis,MultiCohort_Expanded_Benchmark,osteoporosis,-3.0,-2.42,0.655,0,40,F
BM_01005,benchmark_osteoporosis_01005.png,osteoporosis,MultiCohort_Expanded_Benchmark,osteoporosis,-4.34,-4.25,0.427,0,41,F
BM_01006,benchmark_osteoporosis_01006.png,osteoporosis,MultiCohort_Expanded_Benchmark,osteoporosis,-4.32,-3.78,0.431,1,87,F
BM_01007,benchmark_osteoporosis_01007.png,osteoporosis,MultiCohort_Expanded_Benchmark,osteoporosis,-2.63,-2.07,0.718,1,65,M
BM_01008,benchmark_osteoporosis_01008.png,osteoporosis,MultiCohort_Expanded_Benchmark,osteoporosis,-4.23,-4.13,0.446,0,60,M
BM_01009,benchmark_osteoporosis_01009.png,osteoporosis,MultiCohort_Expanded_Benchmark,osteoporosis,-3.23,-3.51,0.616,1,46,F
BM_01010,benchmark_osteoporosis_01010.png,osteoporosis,MultiCohort_Expanded_Benchmark,osteoporosis,-4.4,-4.42,0.417,1,86,F
BM_01011,benchmark_osteoporosis_01011.png,osteoporosis,MultiCohort_Expanded_Benchmark,osteoporosis,-3.42,-3.39,0.584,1,61,F
BM_01012,benchmark_osteoporosis_01012.png,osteoporosis,MultiCohort_Expanded_Benchmark,osteoporosis,-3.84,-3.67,0.512,1,88,F
BM_01013,benchmark_osteoporosis_01013.png,osteoporosis,MultiCohort_Expanded_Benchmark,osteoporosis,-4.44,-4.68,0.41,1,64,M
BM_01014,benchmark_osteoporosis_01014.png,osteoporosis,MultiCohort_Expanded_Benchmark,osteoporosis,-3.44,-3.12,0.58,0,47,M
BM_01015,benchmark_osteoporosis_01015.png,osteoporosis,MultiCohort_Expanded_Benchmark,osteoporosis,-4.17,-4.43,0.456,0,80,F
BM_01016,benchmark_osteoporosis_01016.png,osteoporosis,MultiCohort_Expanded_Benchmark,osteoporosis,-3.68,-3.35,0.539,0,77,F
BM_01017,benchmark_osteoporosis_01017.png,osteoporosis,MultiCohort_Expanded_Benchmark,osteoporosis,-3.11,-3.37,0.636,1,50,F
BM_01018,benchmark_osteoporosis_01018.png,osteoporosis,MultiCohort_Expanded_Benchmark,osteoporosis,-3.93,-4.22,0.497,1,40,F
BM_01019,benchmark_osteoporosis_01019.png,osteoporosis,MultiCohort_Expanded_Benchmark,osteoporosis,-3.57,-3.89,0.558,0,70,F
BM_01020,benchmark_osteoporosis_01020.png,osteoporosis,MultiCohort_Expanded_Benchmark,osteoporosis,-2.88,-3.17,0.675,1,45,M
BM_01021,benchmark_osteoporosis_01021.png,osteoporosis,MultiCohort_Expanded_Benchmark,osteoporosis,-4.1,-3.99,0.468,0,82,F
BM_01022,benchmark_osteoporosis_01022.png,osteoporosis,MultiCohort_Expanded_Benchmark,osteoporosis,-2.58,-2.67,0.726,1,57,M
BM_01023,benchmark_osteoporosis_01023.png,osteoporosis,MultiCohort_Expanded_Benchmark,osteoporosis,-3.49,-2.93,0.572,0,67,F
BM_01024,benchmark_osteoporosis_01024.png,osteoporosis,MultiCohort_Expanded_Benchmark,osteoporosis,-3.15,-3.39,0.63,0,68,F
BM_01025,benchmark_osteoporosis_01025.png,osteoporosis,MultiCohort_Expanded_Benchmark,osteoporosis,-2.89,-2.76,0.674,1,70,F
BM_01026,benchmark_osteoporosis_01026.png,osteoporosis,MultiCohort_Expanded_Benchmark,osteoporosis,-4.45,-4.33,0.408,0,66,F
BM_01027,benchmark_osteoporosis_01027.png,osteoporosis,MultiCohort_Expanded_Benchmark,osteoporosis,-3.83,-3.78,0.514,1,73,M
BM_01028,benchmark_osteoporosis_01028.png,osteoporosis,MultiCohort_Expanded_Benchmark,osteoporosis,-4.2,-4.51,0.451,0,42,F
BM_01029,benchmark_osteoporosis_01029.png,osteoporosis,MultiCohort_Expanded_Benchmark,osteoporosis,-3.65,-3.93,0.544,0,67,F
BM_01030,benchmark_osteoporosis_01030.png,osteoporosis,MultiCohort_Expanded_Benchmark,osteoporosis,-4.44,-4.01,0.41,0,73,M
BM_01031,benchmark_osteoporosis_01031.png,osteoporosis,MultiCohort_Expanded_Benchmark,osteoporosis,-3.92,-4.05,0.499,1,54,F
BM_01032,benchmark_osteoporosis_01032.png,osteoporosis,MultiCohort_Expanded_Benchmark,osteoporosis,-4.4,-4.72,0.417,0,46,F
BM_01033,benchmark_osteoporosis_01033.png,osteoporosis,MultiCohort_Expanded_Benchmark,osteoporosis,-3.76,-3.91,0.526,0,64,M
BM_01034,benchmark_osteoporosis_01034.png,osteoporosis,MultiCohort_Expanded_Benchmark,osteoporosis,-3.1,-2.88,0.638,0,56,F
BM_01035,benchmark_osteoporosis_01035.png,osteoporosis,MultiCohort_Expanded_Benchmark,osteoporosis,-4.33,-3.91,0.429,1,43,F
BM_01036,benchmark_osteoporosis_01036.png,osteoporosis,MultiCohort_Expanded_Benchmark,osteoporosis,-2.84,-2.88,0.682,0,43,F
BM_01037,benchmark_osteoporosis_01037.png,osteoporosis,MultiCohort_Expanded_Benchmark,osteoporosis,-4.48,-4.43,0.403,1,76,M
BM_01038,benchmark_osteoporosis_01038.png,osteoporosis,MultiCohort_Expanded_Benchmark,osteoporosis,-2.73,-2.87,0.701,1,51,F
BM_01039,benchmark_osteoporosis_01039.png,osteoporosis,MultiCohort_Expanded_Benchmark,osteoporosis,-4.14,-3.76,0.461,0,59,F
BM_01040,benchmark_osteoporosis_01040.png,osteoporosis,MultiCohort_Expanded_Benchmark,osteoporosis,-4.42,-4.64,0.414,0,62,F
BM_01041,benchmark_osteoporosis_01041.png,osteoporosis,MultiCohort_Expanded_Benchmark,osteoporosis,-4.29,-4.0,0.436,0,42,M
BM_01042,benchmark_osteoporosis_01042.png,osteoporosis,MultiCohort_Expanded_Benchmark,osteoporosis,-3.32,-3.31,0.601,1,61,F
BM_01043,benchmark_osteoporosis_01043.png,osteoporosis,MultiCohort_Expanded_Benchmark,osteoporosis,-3.65,-3.51,0.544,1,48,F
BM_01044,benchmark_osteoporosis_01044.png,osteoporosis,MultiCohort_Expanded_Benchmark,osteoporosis,-4.23,-4.09,0.446,0,46,F
BM_01045,benchmark_osteoporosis_01045.png,osteoporosis,MultiCohort_Expanded_Benchmark,osteoporosis,-2.78,-2.66,0.692,1,53,M
BM_01046,benchmark_osteoporosis_01046.png,osteoporosis,MultiCohort_Expanded_Benchmark,osteoporosis,-4.14,-4.09,0.461,1,41,F
BM_01047,benchmark_osteoporosis_01047.png,osteoporosis,MultiCohort_Expanded_Benchmark,osteoporosis,-3.47,-3.66,0.575,0,73,F
BM_01048,benchmark_osteoporosis_01048.png,osteoporosis,MultiCohort_Expanded_Benchmark,osteoporosis,-4.12,-3.53,0.465,1,50,M
BM_01049,benchmark_osteoporosis_01049.png,osteoporosis,MultiCohort_Expanded_Benchmark,osteoporosis,-4.0,-3.45,0.485,1,67,F
BM_01050,benchmark_osteoporosis_01050.png,osteoporosis,MultiCohort_Expanded_Benchmark,osteoporosis,-2.97,-2.48,0.66,0,49,F
BM_01051,benchmark_osteoporosis_01051.png,osteoporosis,MultiCohort_Expanded_Benchmark,osteoporosis,-3.25,-3.53,0.613,0,45,M
BM_01052,benchmark_osteoporosis_01052.png,osteoporosis,MultiCohort_Expanded_Benchmark,osteoporosis,-3.25,-3.32,0.613,1,49,F
BM_01053,benchmark_osteoporosis_01053.png,osteoporosis,MultiCohort_Expanded_Benchmark,osteoporosis,-3.48,-2.99,0.573,0,67,F
BM_01054,benchmark_osteoporosis_01054.png,osteoporosis,MultiCohort_Expanded_Benchmark,osteoporosis,-4.49,-4.06,0.402,1,88,F
BM_01055,benchmark_osteoporosis_01055.png,osteoporosis,MultiCohort_Expanded_Benchmark,osteoporosis,-2.9,-2.41,0.672,0,50,M
BM_01056,benchmark_osteoporosis_01056.png,osteoporosis,MultiCohort_Expanded_Benchmark,osteoporosis,-3.25,-3.19,0.613,0,63,M
BM_01057,benchmark_osteoporosis_01057.png,osteoporosis,MultiCohort_Expanded_Benchmark,osteoporosis,-4.37,-4.63,0.422,0,53,F
BM_01058,benchmark_osteoporosis_01058.png,osteoporosis,MultiCohort_Expanded_Benchmark,osteoporosis,-4.28,-4.08,0.437,0,43,F
BM_01059,benchmark_osteoporosis_01059.png,osteoporosis,MultiCohort_Expanded_Benchmark,osteoporosis,-3.52,-3.48,0.567,0,45,F
BM_01060,benchmark_osteoporosis_01060.png,osteoporosis,MultiCohort_Expanded_Benchmark,osteoporosis,-3.68,-3.15,0.539,0,67,M
BM_01061,benchmark_osteoporosis_01061.png,osteoporosis,MultiCohort_Expanded_Benchmark,osteoporosis,-3.78,-3.59,0.522,0,85,F
BM_01062,benchmark_osteoporosis_01062.png,osteoporosis,MultiCohort_Expanded_Benchmark,osteoporosis,-3.33,-3.72,0.599,1,88,F
BM_01063,benchmark_osteoporosis_01063.png,osteoporosis,MultiCohort_Expanded_Benchmark,osteoporosis,-3.58,-2.99,0.556,1,63,F
BM_01064,benchmark_osteoporosis_01064.png,osteoporosis,MultiCohort_Expanded_Benchmark,osteoporosis,-2.59,-2.17,0.725,1,70,F
BM_01065,benchmark_osteoporosis_01065.png,osteoporosis,MultiCohort_Expanded_Benchmark,osteoporosis,-4.06,-3.92,0.475,0,86,F
BM_01066,benchmark_osteoporosis_01066.png,osteoporosis,MultiCohort_Expanded_Benchmark,osteoporosis,-3.52,-2.97,0.567,1,80,F
BM_01067,benchmark_osteoporosis_01067.png,osteoporosis,MultiCohort_Expanded_Benchmark,osteoporosis,-4.39,-4.52,0.419,0,80,F
BM_01068,benchmark_osteoporosis_01068.png,osteoporosis,MultiCohort_Expanded_Benchmark,osteoporosis,-4.23,-4.12,0.446,1,41,F
BM_01069,benchmark_osteoporosis_01069.png,osteoporosis,MultiCohort_Expanded_Benchmark,osteoporosis,-3.22,-3.08,0.618,1,86,F
BM_01070,benchmark_osteoporosis_01070.png,osteoporosis,MultiCohort_Expanded_Benchmark,osteoporosis,-3.55,-3.83,0.562,0,55,F
BM_01071,benchmark_osteoporosis_01071.png,osteoporosis,MultiCohort_Expanded_Benchmark,osteoporosis,-3.5,-3.62,0.57,0,60,F
BM_01072,benchmark_osteoporosis_01072.png,osteoporosis,MultiCohort_Expanded_Benchmark,osteoporosis,-3.43,-3.53,0.582,1,81,M
BM_01073,benchmark_osteoporosis_01073.png,osteoporosis,MultiCohort_Expanded_Benchmark,osteoporosis,-3.71,-3.82,0.534,1,61,F
BM_01074,benchmark_osteoporosis_01074.png,osteoporosis,MultiCohort_Expanded_Benchmark,osteoporosis,-3.15,-3.5,0.63,1,67,M
BM_01075,benchmark_osteoporosis_01075.png,osteoporosis,MultiCohort_Expanded_Benchmark,osteoporosis,-3.39,-2.82,0.589,0,64,F
BM_01076,benchmark_osteoporosis_01076.png,osteoporosis,MultiCohort_Expanded_Benchmark,osteoporosis,-4.47,-4.2,0.405,0,67,M
BM_01077,benchmark_osteoporosis_01077.png,osteoporosis,MultiCohort_Expanded_Benchmark,osteoporosis,-3.3,-2.79,0.604,1,77,M
BM_01078,benchmark_osteoporosis_01078.png,osteoporosis,MultiCohort_Expanded_Benchmark,osteoporosis,-4.18,-3.84,0.454,1,79,F
BM_01079,benchmark_osteoporosis_01079.png,osteoporosis,MultiCohort_Expanded_Benchmark,osteoporosis,-3.94,-3.87,0.495,0,78,F
BM_01080,benchmark_osteoporosis_01080.png,osteoporosis,MultiCohort_Expanded_Benchmark,osteoporosis,-2.76,-2.35,0.696,1,79,F
BM_01081,benchmark_osteoporosis_01081.png,osteoporosis,MultiCohort_Expanded_Benchmark,osteoporosis,-4.44,-4.23,0.41,0,65,F
BM_01082,benchmark_osteoporosis_01082.png,osteoporosis,MultiCohort_Expanded_Benchmark,osteoporosis,-4.09,-3.66,0.47,1,76,F
BM_01083,benchmark_osteoporosis_01083.png,osteoporosis,MultiCohort_Expanded_Benchmark,osteoporosis,-3.66,-3.29,0.543,0,67,F
BM_01084,benchmark_osteoporosis_01084.png,osteoporosis,MultiCohort_Expanded_Benchmark,osteoporosis,-3.73,-3.32,0.531,0,63,F
BM_01085,benchmark_osteoporosis_01085.png,osteoporosis,MultiCohort_Expanded_Benchmark,osteoporosis,-3.1,-3.27,0.638,1,60,F
BM_01086,benchmark_osteoporosis_01086.png,osteoporosis,MultiCohort_Expanded_Benchmark,osteoporosis,-3.75,-3.53,0.528,1,46,F
BM_01087,benchmark_osteoporosis_01087.png,osteoporosis,MultiCohort_Expanded_Benchmark,osteoporosis,-2.68,-2.24,0.709,0,48,F
BM_01088,benchmark_osteoporosis_01088.png,osteoporosis,MultiCohort_Expanded_Benchmark,osteoporosis,-2.79,-2.4,0.691,1,47,F
BM_01089,benchmark_osteoporosis_01089.png,osteoporosis,MultiCohort_Expanded_Benchmark,osteoporosis,-3.25,-2.84,0.613,1,51,F
BM_01090,benchmark_osteoporosis_01090.png,osteoporosis,MultiCohort_Expanded_Benchmark,osteoporosis,-3.55,-3.47,0.562,0,68,M
BM_01091,benchmark_osteoporosis_01091.png,osteoporosis,MultiCohort_Expanded_Benchmark,osteoporosis,-3.2,-3.24,0.621,0,44,F
BM_01092,benchmark_osteoporosis_01092.png,osteoporosis,MultiCohort_Expanded_Benchmark,osteoporosis,-2.75,-3.08,0.698,0,50,F
BM_01093,benchmark_osteoporosis_01093.png,osteoporosis,MultiCohort_Expanded_Benchmark,osteoporosis,-2.63,-2.62,0.718,0,41,M
BM_01094,benchmark_osteoporosis_01094.png,osteoporosis,MultiCohort_Expanded_Benchmark,osteoporosis,-3.62,-3.66,0.55,0,77,F
BM_01095,benchmark_osteoporosis_01095.png,osteoporosis,MultiCohort_Expanded_Benchmark,osteoporosis,-4.15,-3.68,0.459,1,55,F
BM_01096,benchmark_osteoporosis_01096.png,osteoporosis,MultiCohort_Expanded_Benchmark,osteoporosis,-4.27,-3.68,0.439,0,80,F
BM_01097,benchmark_osteoporosis_01097.png,osteoporosis,MultiCohort_Expanded_Benchmark,osteoporosis,-3.29,-2.91,0.606,0,69,M
BM_01098,benchmark_osteoporosis_01098.png,osteoporosis,MultiCohort_Expanded_Benchmark,osteoporosis,-2.67,-2.12,0.711,1,65,F
BM_01099,benchmark_osteoporosis_01099.png,osteoporosis,MultiCohort_Expanded_Benchmark,osteoporosis,-3.63,-3.14,0.548,0,78,M
BM_01100,benchmark_osteoporosis_01100.png,osteoporosis,MultiCohort_Expanded_Benchmark,osteoporosis,-3.73,-3.34,0.531,1,69,F
BM_01101,benchmark_osteoporosis_01101.png,osteoporosis,MultiCohort_Expanded_Benchmark,osteoporosis,-3.88,-3.57,0.505,1,86,F
BM_01102,benchmark_osteoporosis_01102.png,osteoporosis,MultiCohort_Expanded_Benchmark,osteoporosis,-3.19,-3.57,0.623,0,63,F
BM_01103,benchmark_osteoporosis_01103.png,osteoporosis,MultiCohort_Expanded_Benchmark,osteoporosis,-3.8,-3.65,0.519,0,46,F
BM_01104,benchmark_osteoporosis_01104.png,osteoporosis,MultiCohort_Expanded_Benchmark,osteoporosis,-3.22,-3.34,0.618,0,52,F
BM_01105,benchmark_osteoporosis_01105.png,osteoporosis,MultiCohort_Expanded_Benchmark,osteoporosis,-3.64,-3.59,0.546,1,72,F
BM_01106,benchmark_osteoporosis_01106.png,osteoporosis,MultiCohort_Expanded_Benchmark,osteoporosis,-3.17,-3.56,0.626,0,55,F
BM_01107,benchmark_osteoporosis_01107.png,osteoporosis,MultiCohort_Expanded_Benchmark,osteoporosis,-3.9,-3.64,0.502,0,49,F
BM_01108,benchmark_osteoporosis_01108.png,osteoporosis,MultiCohort_Expanded_Benchmark,osteoporosis,-2.75,-2.61,0.698,1,88,F
BM_01109,benchmark_osteoporosis_01109.png,osteoporosis,MultiCohort_Expanded_Benchmark,osteoporosis,-4.21,-4.57,0.449,0,60,M
BM_01110,benchmark_osteoporosis_01110.png,osteoporosis,MultiCohort_Expanded_Benchmark,osteoporosis,-4.25,-3.96,0.443,0,75,M
BM_01111,benchmark_osteoporosis_01111.png,osteoporosis,MultiCohort_Expanded_Benchmark,osteoporosis,-4.35,-4.13,0.426,0,80,F
BM_01112,benchmark_osteoporosis_01112.png,osteoporosis,MultiCohort_Expanded_Benchmark,osteoporosis,-2.72,-2.66,0.703,1,67,F
BM_01113,benchmark_osteoporosis_01113.png,osteoporosis,MultiCohort_Expanded_Benchmark,osteoporosis,-3.27,-3.31,0.609,1,73,M
BM_01114,benchmark_osteoporosis_01114.png,osteoporosis,MultiCohort_Expanded_Benchmark,osteoporosis,-3.52,-3.88,0.567,1,45,F
BM_01115,benchmark_osteoporosis_01115.png,osteoporosis,MultiCohort_Expanded_Benchmark,osteoporosis,-4.08,-4.43,0.471,0,62,M
BM_01116,benchmark_osteoporosis_01116.png,osteoporosis,MultiCohort_Expanded_Benchmark,osteoporosis,-3.54,-3.31,0.563,1,84,F
BM_01117,benchmark_osteoporosis_01117.png,osteoporosis,MultiCohort_Expanded_Benchmark,osteoporosis,-2.7,-2.8,0.706,0,58,F
BM_01118,benchmark_osteoporosis_01118.png,osteoporosis,MultiCohort_Expanded_Benchmark,osteoporosis,-3.9,-3.57,0.502,0,71,F
BM_01119,benchmark_osteoporosis_01119.png,osteoporosis,MultiCohort_Expanded_Benchmark,osteoporosis,-2.8,-2.82,0.689,0,46,M
BM_01120,benchmark_osteoporosis_01120.png,osteoporosis,MultiCohort_Expanded_Benchmark,osteoporosis,-2.84,-2.88,0.682,0,82,F
BM_01121,benchmark_osteoporosis_01121.png,osteoporosis,MultiCohort_Expanded_Benchmark,osteoporosis,-3.06,-3.07,0.645,1,64,F
BM_01122,benchmark_osteoporosis_01122.png,osteoporosis,MultiCohort_Expanded_Benchmark,osteoporosis,-3.99,-3.66,0.487,1,53,F
BM_01123,benchmark_fractures_01123.png,osteoporosis,MultiCohort_Expanded_Benchmark,osteoporosis,-3.96,-3.47,0.506,1,42,F
BM_01124,benchmark_fractures_01124.png,osteoporosis,MultiCohort_Expanded_Benchmark,osteoporosis,-3.0,-3.36,0.65,1,68,F
BM_01125,benchmark_fractures_01125.png,osteoporosis,MultiCohort_Expanded_Benchmark,osteoporosis,-4.38,-4.42,0.443,1,52,M
BM_01126,benchmark_fractures_01126.png,osteoporosis,MultiCohort_Expanded_Benchmark,osteoporosis,-3.87,-3.54,0.519,1,68,M
BM_01127,benchmark_fractures_01127.png,osteoporosis,MultiCohort_Expanded_Benchmark,osteoporosis,-3.62,-3.15,0.557,1,58,F
BM_01128,benchmark_fractures_01128.png,osteoporosis,MultiCohort_Expanded_Benchmark,osteoporosis,-3.57,-3.2,0.565,1,49,M
BM_01129,benchmark_fractures_01129.png,osteoporosis,MultiCohort_Expanded_Benchmark,osteoporosis,-3.89,-4.25,0.516,1,81,M
BM_01130,benchmark_fractures_01130.png,osteoporosis,MultiCohort_Expanded_Benchmark,osteoporosis,-3.82,-3.43,0.527,1,73,M
BM_01131,benchmark_fractures_01131.png,osteoporosis,MultiCohort_Expanded_Benchmark,osteoporosis,-3.51,-3.58,0.574,1,88,F
BM_01132,benchmark_fractures_01132.png,osteoporosis,MultiCohort_Expanded_Benchmark,osteoporosis,-3.39,-2.9,0.591,1,65,M
BM_01133,benchmark_fractures_01133.png,osteoporosis,MultiCohort_Expanded_Benchmark,osteoporosis,-4.5,-3.97,0.425,1,57,F
BM_01134,benchmark_fractures_01134.png,osteoporosis,MultiCohort_Expanded_Benchmark,osteoporosis,-4.61,-4.36,0.408,1,86,M
BM_01135,benchmark_fractures_01135.png,osteoporosis,MultiCohort_Expanded_Benchmark,osteoporosis,-4.27,-3.86,0.46,1,49,F
BM_01136,benchmark_fractures_01136.png,osteoporosis,MultiCohort_Expanded_Benchmark,osteoporosis,-3.22,-3.13,0.617,1,81,F
BM_01137,benchmark_fractures_01137.png,osteoporosis,MultiCohort_Expanded_Benchmark,osteoporosis,-4.21,-4.16,0.468,1,59,F
BM_01138,benchmark_fractures_01138.png,osteoporosis,MultiCohort_Expanded_Benchmark,osteoporosis,-2.94,-2.54,0.659,1,83,F
BM_01139,benchmark_fractures_01139.png,osteoporosis,MultiCohort_Expanded_Benchmark,osteoporosis,-3.74,-3.85,0.539,1,68,F
BM_01140,benchmark_fractures_01140.png,osteoporosis,MultiCohort_Expanded_Benchmark,osteoporosis,-3.0,-3.27,0.65,1,75,F
BM_01141,benchmark_fractures_01141.png,osteoporosis,MultiCohort_Expanded_Benchmark,osteoporosis,-3.19,-3.14,0.621,1,41,M
BM_01142,benchmark_fractures_01142.png,osteoporosis,MultiCohort_Expanded_Benchmark,osteoporosis,-3.95,-4.21,0.507,1,40,F
BM_01143,benchmark_fractures_01143.png,osteoporosis,MultiCohort_Expanded_Benchmark,osteoporosis,-4.45,-4.82,0.432,1,53,F
BM_01144,benchmark_fractures_01144.png,osteoporosis,MultiCohort_Expanded_Benchmark,osteoporosis,-4.19,-4.48,0.471,1,69,F
BM_01145,benchmark_fractures_01145.png,osteoporosis,MultiCohort_Expanded_Benchmark,osteoporosis,-3.12,-3.28,0.632,1,73,M
BM_01146,benchmark_fractures_01146.png,osteoporosis,MultiCohort_Expanded_Benchmark,osteoporosis,-2.94,-3.19,0.659,1,81,F
BM_01147,benchmark_fractures_01147.png,osteoporosis,MultiCohort_Expanded_Benchmark,osteoporosis,-3.96,-3.8,0.506,1,49,F
BM_01148,benchmark_fractures_01148.png,osteoporosis,MultiCohort_Expanded_Benchmark,osteoporosis,-4.53,-4.17,0.42,1,56,F
BM_01149,benchmark_fractures_01149.png,osteoporosis,MultiCohort_Expanded_Benchmark,osteoporosis,-3.64,-3.6,0.554,1,60,M
BM_01150,benchmark_fractures_01150.png,osteoporosis,MultiCohort_Expanded_Benchmark,osteoporosis,-3.76,-3.77,0.536,1,51,F
BM_01151,benchmark_fractures_01151.png,osteoporosis,MultiCohort_Expanded_Benchmark,osteoporosis,-4.07,-3.84,0.489,1,69,M
BM_01152,benchmark_fractures_01152.png,osteoporosis,MultiCohort_Expanded_Benchmark,osteoporosis,-4.74,-4.66,0.389,1,59,F
BM_01153,benchmark_fractures_01153.png,osteoporosis,MultiCohort_Expanded_Benchmark,osteoporosis,-4.57,-4.08,0.414,1,42,F
BM_01154,benchmark_fractures_01154.png,osteoporosis,MultiCohort_Expanded_Benchmark,osteoporosis,-4.39,-4.51,0.442,1,46,M
BM_01155,benchmark_fractures_01155.png,osteoporosis,MultiCohort_Expanded_Benchmark,osteoporosis,-3.23,-2.92,0.615,1,76,F
BM_01156,benchmark_fractures_01156.png,osteoporosis,MultiCohort_Expanded_Benchmark,osteoporosis,-4.57,-4.56,0.414,1,82,F
BM_01157,benchmark_fractures_01157.png,osteoporosis,MultiCohort_Expanded_Benchmark,osteoporosis,-4.76,-4.9,0.386,1,43,F
BM_01158,benchmark_fractures_01158.png,osteoporosis,MultiCohort_Expanded_Benchmark,osteoporosis,-4.67,-4.97,0.399,1,84,F
BM_01159,benchmark_fractures_01159.png,osteoporosis,MultiCohort_Expanded_Benchmark,osteoporosis,-3.0,-3.32,0.65,1,40,M
BM_01160,benchmark_fractures_01160.png,osteoporosis,MultiCohort_Expanded_Benchmark,osteoporosis,-4.06,-4.33,0.491,1,43,F
BM_01161,benchmark_fractures_01161.png,osteoporosis,MultiCohort_Expanded_Benchmark,osteoporosis,-3.9,-4.01,0.515,1,51,M
BM_01162,benchmark_fractures_01162.png,osteoporosis,MultiCohort_Expanded_Benchmark,osteoporosis,-4.0,-3.62,0.5,1,83,F
BM_01163,benchmark_fractures_01163.png,osteoporosis,MultiCohort_Expanded_Benchmark,osteoporosis,-4.72,-5.12,0.392,1,86,F
BM_01164,benchmark_fractures_01164.png,osteoporosis,MultiCohort_Expanded_Benchmark,osteoporosis,-3.22,-3.47,0.617,1,68,F
BM_01165,benchmark_fractures_01165.png,osteoporosis,MultiCohort_Expanded_Benchmark,osteoporosis,-2.86,-2.89,0.671,1,66,F
BM_01166,benchmark_fractures_01166.png,osteoporosis,MultiCohort_Expanded_Benchmark,osteoporosis,-4.48,-4.02,0.428,1,60,F
BM_01167,benchmark_fractures_01167.png,osteoporosis,MultiCohort_Expanded_Benchmark,osteoporosis,-4.55,-4.24,0.417,1,44,F
BM_01168,benchmark_fractures_01168.png,osteoporosis,MultiCohort_Expanded_Benchmark,osteoporosis,-3.59,-3.89,0.561,1,45,F
BM_01169,benchmark_fractures_01169.png,osteoporosis,MultiCohort_Expanded_Benchmark,osteoporosis,-4.4,-3.85,0.44,1,46,F
BM_01170,benchmark_fractures_01170.png,osteoporosis,MultiCohort_Expanded_Benchmark,osteoporosis,-4.47,-4.26,0.429,1,45,F
BM_01171,benchmark_fractures_01171.png,osteoporosis,MultiCohort_Expanded_Benchmark,osteoporosis,-3.87,-3.96,0.519,1,67,F
BM_01172,benchmark_fractures_01172.png,osteoporosis,MultiCohort_Expanded_Benchmark,osteoporosis,-4.56,-4.18,0.416,1,58,F
BM_01173,benchmark_fractures_01173.png,osteoporosis,MultiCohort_Expanded_Benchmark,osteoporosis,-3.71,-3.63,0.543,1,65,F
BM_01174,benchmark_fractures_01174.png,osteoporosis,MultiCohort_Expanded_Benchmark,osteoporosis,-3.27,-3.61,0.609,1,71,F
BM_01175,benchmark_fractures_01175.png,osteoporosis,MultiCohort_Expanded_Benchmark,osteoporosis,-3.58,-3.28,0.563,1,65,F
BM_01176,benchmark_fractures_01176.png,osteoporosis,MultiCohort_Expanded_Benchmark,osteoporosis,-3.33,-3.64,0.6,1,65,F
BM_01177,benchmark_fractures_01177.png,osteoporosis,MultiCohort_Expanded_Benchmark,osteoporosis,-4.14,-4.4,0.479,1,47,F
BM_01178,benchmark_fractures_01178.png,osteoporosis,MultiCohort_Expanded_Benchmark,osteoporosis,-3.49,-3.35,0.576,1,41,F
BM_01179,benchmark_fractures_01179.png,osteoporosis,MultiCohort_Expanded_Benchmark,osteoporosis,-4.3,-4.27,0.455,1,64,F
BM_01180,benchmark_fractures_01180.png,osteoporosis,MultiCohort_Expanded_Benchmark,osteoporosis,-3.11,-3.21,0.633,1,68,M
BM_01181,benchmark_fractures_01181.png,osteoporosis,MultiCohort_Expanded_Benchmark,osteoporosis,-3.74,-3.44,0.539,1,80,F
BM_01182,benchmark_fractures_01182.png,osteoporosis,MultiCohort_Expanded_Benchmark,osteoporosis,-3.48,-3.14,0.578,1,82,F
BM_01183,benchmark_fractures_01183.png,osteoporosis,MultiCohort_Expanded_Benchmark,osteoporosis,-3.94,-4.31,0.509,1,62,F
BM_01184,benchmark_fractures_01184.png,osteoporosis,MultiCohort_Expanded_Benchmark,osteoporosis,-4.24,-3.8,0.464,1,44,F
BM_01185,benchmark_fractures_01185.png,osteoporosis,MultiCohort_Expanded_Benchmark,osteoporosis,-4.16,-4.11,0.476,1,84,F
BM_01186,benchmark_fractures_01186.png,osteoporosis,MultiCohort_Expanded_Benchmark,osteoporosis,-3.13,-2.7,0.631,1,56,F
BM_01187,benchmark_fractures_01187.png,osteoporosis,MultiCohort_Expanded_Benchmark,osteoporosis,-3.25,-2.86,0.612,1,61,F
BM_01188,benchmark_fractures_01188.png,osteoporosis,MultiCohort_Expanded_Benchmark,osteoporosis,-3.95,-3.65,0.507,1,73,F
BM_01189,benchmark_fractures_01189.png,osteoporosis,MultiCohort_Expanded_Benchmark,osteoporosis,-3.76,-3.61,0.536,1,42,M
BM_01190,benchmark_fractures_01190.png,osteoporosis,MultiCohort_Expanded_Benchmark,osteoporosis,-3.41,-3.62,0.588,1,67,F
BM_01191,benchmark_fractures_01191.png,osteoporosis,MultiCohort_Expanded_Benchmark,osteoporosis,-3.26,-3.42,0.611,1,52,F
BM_01192,benchmark_fractures_01192.png,osteoporosis,MultiCohort_Expanded_Benchmark,osteoporosis,-4.4,-4.65,0.44,1,57,F
BM_01193,benchmark_fractures_01193.png,osteoporosis,MultiCohort_Expanded_Benchmark,osteoporosis,-4.14,-4.05,0.479,1,70,F
BM_01194,benchmark_fractures_01194.png,osteoporosis,MultiCohort_Expanded_Benchmark,osteoporosis,-3.22,-3.5,0.617,1,69,F
BM_01195,benchmark_fractures_01195.png,osteoporosis,MultiCohort_Expanded_Benchmark,osteoporosis,-3.46,-3.42,0.581,1,50,F
BM_01196,benchmark_fractures_01196.png,osteoporosis,MultiCohort_Expanded_Benchmark,osteoporosis,-4.37,-4.45,0.444,1,65,F
BM_01197,benchmark_fractures_01197.png,osteoporosis,MultiCohort_Expanded_Benchmark,osteoporosis,-3.2,-3.15,0.62,1,54,F
BM_01198,benchmark_fractures_01198.png,osteoporosis,MultiCohort_Expanded_Benchmark,osteoporosis,-4.54,-4.38,0.419,1,47,F
