{
  "disease": "Osteoporosis",
  "osteoporosis": {
    "score": 0.7827332951128483,
    "percentage": 78.3,
    "risk_level": "High Risk (Osteoporosis)",
    "risk_color": "red",
    "clinical_notes": "Significant bone density loss and cortical thinning detected. Clinical DEXA scan recommended."
  },
  "predictions": {
    "osteoporosis": 0.7827332951128483,
    "fracture": 0.5201629400253296,
    "pneumonia": 0.5523749589920044
  },
  "supporting_findings": {
    "Fracture Risk": 0.5201629400253296,
    "Lung Opacity": 0.6687907576560974,
    "Consolidation": 0.5761666297912598,
    "Pneumonia": 0.5523749589920044,
    "Atelectasis": 0.5994199514389038,
    "Cardiomegaly": 0.612089991569519
  },
  "confidence_scores": {
    "Atelectasis": 0.5994199514389038,
    "Consolidation": 0.5761666297912598,
    "Infiltration": 0.5280719995498657,
    "Pneumothorax": 0.5485485792160034,
    "Edema": 0.5475857257843018,
    "Emphysema": 0.5250638127326965,
    "Fibrosis": 0.5389722585678101,
    "Effusion": 0.6765167117118835,
    "Pneumonia": 0.5523749589920044,
    "Pleural_Thickening": 0.5918296575546265,
    "Cardiomegaly": 0.612089991569519,
    "Nodule": 0.5253745317459106,
    "Mass": 0.594926118850708,
    "Hernia": 0.31563904881477356,
    "Lung Lesion": 0.5498918294906616,
    "Fracture": 0.5201629400253296,
    "Lung Opacity": 0.6687907576560974,
    "Enlarged Cardiomediastinum": 0.6591817736625671
  },
  "heatmap_path": "/uploads/testpatient/heatmaps/sample_xray_xai_gradcam.png",
  "overlay_path": "/uploads/testpatient/heatmaps/sample_xray_xai_overlay.png",
  "xai_status": "Grad-CAM Explainable AI output generated successfully"
}